id,current_age,retirement_age,birth_year,birth_month,gender,address,latitude,longitude,per_capita_income,yearly_income,total_debt,credit_score,num_credit_cards
1642,37,66,1982,4,Female,48190 Plum Drive,39.96,-74.06,$19848,$40470,$41938,731,5
1408,42,67,1978,2,Male,209 George Avenue,33.31,-81.13,$12189,$24859,$43986,683,2
626,22,65,1997,6,Female,394 Essex Boulevard,26.11,-80.39,$42160,$85954,$108684,746,2
330,36,71,1984,2,Male,271 Sixth Drive,40.24,-75.28,$31595,$64419,$183210,711,1
1839,59,60,1960,6,Female,1892 Catherine Street,37.13,-85.96,$13456,$27439,$84665,631,1
790,34,65,1985,3,Female,480 Ocean View Boulevard,32.9,-116.89,$22740,$46361,$69620,743,2
1876,50,70,1969,7,Male,2040 Washington Boulevard,38.05,-84.72,$21869,$44587,$17148,775,6
1649,64,63,1956,2,Male,8146 Third Avenue,29.79,-95.82,$0,$399,$323,729,3
1219,28,72,1991,6,Female,9977 Oak Avenue,38.68,-76.17,$28497,$58105,$70254,688,3
913,56,70,1963,5,Male,4943 Martin Luther King Lane,28.3,-81.41,$13964,$28476,$0,693,3
838,26,70,1993,7,Male,349 First Drive,33.78,-84.44,$24382,$49713,$91776,763,1
732,60,68,1959,8,Male,513 Tenth Avenue,37.68,-97.34,$19224,$39191,$43396,756,6
748,55,69,1965,1,Male,2100 Summit Street,29.76,-95.38,$18412,$37534,$99840,706,3
1192,44,68,1976,2,Female,1450 Rose Drive,44.22,-93.44,$19630,$40026,$70877,768,1
1976,33,69,1986,3,Female,2552 Forest Avenue,39.61,-76.85,$27906,$56897,$0,699,5
354,77,72,1942,8,Female,9 Plum Boulevard,38.86,-104.76,$22185,$31942,$11845,713,6
1361,67,66,1952,12,Male,9385 Lincoln Drive,42.38,-83.1,$14848,$28714,$12978,638,2
1758,57,66,1963,1,Male,126 Valley Drive,32.32,-90.2,$11061,$22556,$43260,645,4
1835,25,65,1994,8,Female,355 Burns Boulevard,40.86,-76.78,$16519,$33682,$42690,793,1
1904,69,70,1951,2,Male,5844 Littlewood Street,35.95,-95.38,$15195,$30983,$10019,757,5
377,80,67,1940,1,Female,305 Pine Avenue,47.39,-122.26,$24884,$39110,$363,750,5
574,22,66,1997,12,Male,7296 Second Lane,38.38,-84.29,$17478,$35635,$16372,713,4
1284,50,64,1969,9,Female,8990 Plum Street,41.76,-70.08,$19591,$39947,$57346,765,2
196,44,64,1975,5,Female,518 Norfolk Avenue,33.29,-83.96,$17545,$35775,$67263,773,1
1947,87,66,1932,4,Male,770 Maple Street,31.62,-82.88,$14060,$27971,$1265,765,4
1866,22,67,1998,2,Male,213 Rose Drive,32.85,-96.96,$30475,$62135,$75209,676,2
1960,30,61,1989,12,Male,334 Rose Boulevard,38.96,-76.85,$23500,$47916,$69567,612,1
765,18,68,2002,2,Male,188 Ninth Boulevard,37.78,-90.42,$17707,$36101,$46425,778,2
1513,48,66,1972,2,Male,8849 West Drive,41.3,-73.13,$32240,$65736,$206000,733,3
140,37,72,1983,2,Female,108 Washington Street,36.28,-86.83,$20657,$42120,$72801,739,4
1285,68,53,1951,12,Female,6723 Maple Street,38.83,-77.21,$30622,$65298,$18684,524,2
469,67,67,1952,3,Female,488 Bayview Boulevard,33.88,-117.85,$26675,$46945,$17835,682,4
1817,52,64,1968,2,Female,25622 Lake Street,29.55,-95.27,$36253,$73920,$166395,683,1
1144,57,66,1962,12,Female,545 Eighth Avenue,29.76,-95.38,$14959,$30495,$70825,773,4
1696,63,65,1956,12,Female,4461 Hill Street,28.32,-80.68,$26339,$53702,$85160,606,1
1833,27,71,1993,1,Male,5514 Norfolk Boulevard,35.58,-88.5,$17179,$35026,$11468,743,5
670,21,71,1998,3,Female,7469 El Camino Street,42.31,-83.21,$11773,$24006,$57226,801,2
1585,35,69,1984,11,Female,4346 El Camino Boulevard,30.33,-81.65,$20710,$42229,$0,688,3
1006,37,68,1982,4,Male,7559 Forest Boulevard,41.53,-87.26,$21851,$44550,$117302,761,3
1314,43,70,1976,11,Male,857 Jefferson Avenue,29.7,-98.11,$19325,$39404,$71859,723,5
1103,45,70,1974,5,Female,31 Jefferson Boulevard,47.09,-116.46,$12618,$25723,$34007,746,3
814,72,65,1948,1,Male,9380 Hill Drive,27.98,-80.66,$15318,$16302,$14408,748,4
186,61,69,1958,11,Female,49 Bayview Lane,36.1,-115.02,$18897,$38536,$72299,705,1
787,19,67,2000,3,Female,762 Lake Drive,29.61,-95.61,$35183,$71740,$38238,767,2
991,52,60,1967,8,Male,3740 Ocean Lane,41.37,-82.1,$18110,$36927,$54145,554,1
248,80,67,1939,12,Female,80471 Eighth Street,27.95,-82.48,$13254,$13596,$352,684,4
852,35,68,1985,1,Female,955 11th Street,29.82,-82.59,$19693,$40156,$70128,738,3
104,33,65,1986,11,Female,2043 Mill Street,32.69,-97.01,$18334,$37384,$49182,713,3
633,36,69,1983,10,Female,5506 Fifth Boulevard,33.88,-118.27,$24611,$50179,$110515,743,1
730,51,69,1968,8,Male,932 Bayview Avenue,38.9,-94.68,$41663,$84944,$57746,713,3
408,58,62,1961,4,Female,690 Hill Lane,45.4,-91.84,$15371,$31343,$49537,741,3
29,68,60,1951,8,Female,318 Spruce Boulevard,42.47,-70.96,$18682,$27358,$13557,665,2
467,38,65,1981,9,Male,969 Lexington Lane,35.06,-85.25,$21988,$44831,$20906,705,3
891,38,66,1981,10,Female,177 Maple Boulevard,35.44,-94.35,$17093,$34854,$40722,746,5
230,39,65,1980,10,Female,675 Fifth Avenue,30.44,-91.12,$17412,$35501,$78801,693,4
1577,53,66,1966,12,Male,153 Wessex Drive,27.33,-82.54,$19983,$40745,$18371,718,4
9,29,60,1990,12,Male,22 Mill Drive,32.63,-117.05,$20102,$40988,$89801,540,3
101,18,62,2002,1,Female,91 Essex Lane,32.88,-105.95,$15095,$30778,$73680,681,1
404,44,61,1975,9,Male,33 Seventh Boulevard,29.77,-82.48,$21979,$44816,$63043,625,1
1352,65,64,1954,3,Female,8437 Sixth Street,44.75,-85.6,$20035,$42102,$9645,672,3
802,35,67,1984,3,Female,3369 Wessex Avenue,38.74,-121.25,$29367,$59872,$95927,752,4
716,31,70,1988,5,Male,1495 Elm Boulevard,33.92,-116.83,$13002,$26511,$21869,769,6
1008,52,69,1968,2,Female,38688 First Avenue,41.83,-87.68,$22296,$45462,$68494,657,5
1358,69,70,1950,4,Female,128 Main Street,43.1,-89.5,$33808,$68930,$72619,768,4
31,51,65,1968,6,Female,413 East Boulevard,41.62,-87.72,$22348,$45570,$0,712,3
1605,39,67,1980,5,Male,9995 Pine Avenue,39.5,-84.37,$19293,$39336,$43747,690,3
692,52,65,1967,8,Female,23 Sussex Lane,42.92,-82.88,$20942,$42701,$53696,701,4
75,80,66,1939,12,Female,6328 Forest Street,29.76,-95.38,$18528,$22326,$1620,564,4
1913,60,57,1960,1,Female,561 Martin Luther King Avenue,42.47,-83.49,$34259,$31121,$32768,619,5
1725,49,66,1970,9,Female,791 11th Boulevard,37.55,-77.46,$20917,$42652,$133935,729,6
1235,18,65,2002,2,Male,283 Rose Lane,33.6,-117.66,$30564,$62316,$146487,813,1
785,18,67,2001,11,Male,13 Main Boulevard,38.16,-121.93,$23990,$48909,$71310,740,2
1084,36,66,1984,1,Male,152 West Drive,47.26,-122.45,$31518,$64262,$75415,775,4
740,30,62,1989,8,Female,9104 Second Avenue,29.76,-95.38,$15862,$32343,$39656,683,3
1914,21,70,1998,4,Female,5259 Lake Drive,36.78,-76.08,$20678,$42161,$59210,672,1
817,26,67,1993,5,Male,91 Lake Street,30.06,-89.93,$32314,$65888,$162364,803,2
1126,18,64,2002,1,Male,3578 Pine Lane,35.4,-80.59,$20570,$41940,$82593,710,1
1966,42,68,1977,11,Male,3835 Norfolk Street,36.05,-90.51,$15447,$31499,$45661,782,4
1951,48,66,1971,5,Female,328 Birch Street,39.13,-76.69,$31075,$63355,$0,708,5
603,42,67,1978,2,Female,66 Norfolk Avenue,35.48,-97.26,$21884,$44624,$102882,611,1
348,49,70,1970,7,Female,480 Seventh Lane,40.22,-74.76,$22747,$46377,$79980,719,3
1557,50,66,1970,2,Female,2516 Essex Drive,45.45,-122.79,$23687,$48295,$109558,707,3
1247,69,71,1950,9,Female,6466 Ninth Drive,35.54,-118.91,$21654,$44152,$90526,700,5
1862,25,65,1994,4,Female,7111 Lexington Avenue,41.57,-93.61,$18568,$37864,$57052,686,1
1807,47,65,1972,12,Female,14780 Plum Lane,40.84,-73.87,$25537,$52065,$98613,828,5
859,51,72,1968,4,Male,865 Wessex Lane,36.15,-85.5,$15955,$32531,$78193,631,4
1527,66,67,1953,11,Female,1426 Fifth Avenue,43.32,-71.18,$24779,$50523,$98763,578,1
345,33,67,1986,7,Male,67424 Tenth Boulevard,42.24,-85.48,$17409,$35499,$80517,724,1
119,44,67,1975,9,Female,60 Little Creek Avenue,36.16,-115.28,$27761,$56605,$87970,624,3
952,29,66,1990,5,Male,7135 Ninth Lane,42.31,-71.16,$62177,$126775,$28869,685,2
1850,18,61,2001,9,Female,293 South Street,31.94,-94.85,$16183,$32998,$45196,736,1
492,41,70,1978,9,Male,2397 Madison Avenue,34.95,-82.12,$18857,$38450,$51430,850,1
437,46,66,1973,6,Female,9528 Hill Street,39.04,-76.49,$35645,$72670,$28915,718,3
244,40,62,1979,7,Female,8100 Hill Avenue,30.58,-84.58,$13144,$26802,$43444,638,2
759,60,65,1959,12,Male,575 Bayview Lane,35.92,-86.84,$36563,$74550,$37427,687,4
781,30,74,1989,9,Male,7154 Lafayette Drive,32.33,-106.75,$16670,$33993,$45149,602,4
715,37,75,1983,1,Female,94 Ocean Avenue,41.76,-88.15,$49195,$100303,$53919,821,2
741,75,66,1944,9,Male,239 Third Drive,42.35,-71.06,$21695,$41316,$22629,826,1
37,41,60,1978,7,Female,533 Sussex Drive,43.31,-76.57,$17013,$34690,$48954,683,4
1405,45,71,1974,4,Male,70 Tenth Boulevard,47.91,-97.07,$23910,$48755,$37315,777,8
50,68,72,1951,7,Female,267 Birch Boulevard,45.82,-88.06,$19243,$39238,$85457,702,4
1481,72,65,1947,6,Male,527 Federal Avenue,37.78,-121.99,$0,$2422,$810,632,2
1108,19,67,2000,3,Male,32 First Lane,40.83,-74.24,$40216,$81995,$133788,685,2
773,67,65,1952,9,Male,486 West Boulevard,34.49,-85.84,$15562,$11029,$3225,786,3
1512,44,65,1975,6,Male,6995 North Drive,39.77,-86.14,$32865,$67008,$81402,778,8
1373,35,66,1984,12,Female,834 Tenth Lane,41.07,-85.13,$16764,$34181,$50668,764,2
494,39,68,1980,5,Male,700 Rose Avenue,39.09,-76.85,$27635,$56347,$32530,779,3
613,39,69,1980,9,Female,7549 Fourth Lane,41.87,-88.01,$27741,$56562,$111495,712,4
1544,36,65,1983,9,Female,7643 Martin Luther King Street,40.1,-84.62,$16351,$33339,$83353,679,2
581,48,67,1971,3,Male,1813 Second Lane,29.99,-90.24,$14696,$29962,$55000,684,3
758,63,68,1956,12,Male,39126 El Camino Boulevard,34.09,-118.13,$21178,$43180,$36832,764,5
1398,52,66,1967,4,Male,304 Third Boulevard,40.85,-74.4,$34756,$70862,$16595,745,5
1861,57,65,1962,5,Female,992 Forest Street,33.1,-96.66,$32580,$66427,$103290,779,5
1417,54,68,1965,3,Female,336 Catherine Lane,42.63,-83.61,$25838,$52680,$87082,835,5
754,76,69,1943,3,Female,15 Elm Lane,33.69,-78.89,$19025,$32817,$27209,705,6
1311,27,71,1992,11,Male,79 Sixth Avenue,47.54,-122.58,$21219,$43264,$89798,729,1
213,37,68,1982,5,Female,345 George Street,32.91,-96.62,$27057,$55172,$96779,629,3
1169,51,68,1968,11,Female,375 Hillside Drive,30.54,-97.64,$30358,$61901,$29627,726,7
519,57,67,1962,6,Female,839 East Avenue,36.14,-115.03,$19377,$39508,$18870,770,4
1665,19,62,2001,1,Male,3804 Ninth Street,33.94,-84.2,$31677,$64585,$121851,665,1
1777,47,67,1972,5,Male,166 12th Street,38.83,-77.21,$30622,$62432,$95799,741,5
696,74,67,1945,7,Female,5064 North Lane,40.63,-73.72,$45685,$110570,$5700,766,8
1210,32,65,1987,11,Male,6415 Sussex Lane,41.0,-76.85,$16935,$34531,$60156,703,4
571,42,68,1977,11,Male,8580 Valley Stream Avenue,39.46,-77.96,$18003,$36711,$84949,739,4
1353,50,65,1970,2,Female,655 Federal Avenue,40.46,-111.63,$21232,$43294,$104521,816,7
1702,53,68,1967,2,Female,75011 Lafayette Drive,33.99,-117.53,$19851,$40470,$87086,691,5
1568,47,67,1972,5,Female,3816 Spruce Drive,40.67,-73.39,$21077,$42976,$58765,748,3
1040,28,67,1991,10,Female,207 Washington Lane,39.86,-74.82,$39269,$80060,$0,689,2
1753,46,58,1974,2,Male,95612 South Street,32.28,-90.0,$22304,$45476,$67636,506,1
258,51,68,1968,3,Male,572 Mountain View Lane,37.27,-79.95,$14528,$29622,$17385,694,3
1403,74,61,1945,11,Male,316 Grant Drive,37.94,-77.65,$25937,$24545,$22488,753,2
853,29,67,1990,8,Female,225 Lake Boulevard,42.46,-83.37,$36817,$75070,$161525,723,1
955,33,67,1987,2,Male,6785 Valley Stream Boulevard,40.28,-80.6,$16648,$33944,$53353,798,4
1223,53,67,1966,6,Male,822 Ocean Street,41.8,-87.92,$92938,$189490,$448929,717,3
509,33,66,1986,7,Male,239 Sussex Drive,38.41,-82.43,$21842,$44534,$107410,702,4
487,52,68,1967,7,Male,9028 Valley Stream Avenue,42.66,-73.79,$27005,$55059,$162462,735,3
1041,48,62,1971,9,Female,6144 Summit Street,34.87,-85.5,$15950,$32522,$50155,639,1
897,30,64,1989,8,Female,847 Martin Luther King Lane,31.07,-83.19,$13238,$26996,$33332,501,2
481,18,67,2002,2,Male,628 Norfolk Avenue,42.41,-71.16,$40694,$82972,$173295,653,1
235,32,67,1987,12,Female,7012 11th Lane,40.71,-73.99,$23874,$48676,$110589,721,4
497,63,65,1956,11,Male,8414 Tenth Drive,43.54,-96.73,$25692,$52380,$8764,850,6
355,22,62,1997,11,Female,415 Madison Boulevard,35.87,-96.05,$19856,$40491,$81879,691,2
1974,74,57,1945,4,Female,826 12th Drive,39.99,-111.81,$18058,$31792,$28723,647,3
302,27,67,1992,8,Female,9354 Lafayette Street,38.41,-78.61,$18335,$37384,$120327,706,2
1429,62,66,1957,7,Female,4823 Lincoln Drive,39.76,-104.87,$16459,$33556,$10619,799,4
1319,19,68,2000,3,Female,671 George Drive,38.2,-84.55,$23827,$48582,$189348,546,1
842,61,65,1959,2,Male,945 Third Avenue,47.58,-122.03,$50607,$103185,$206422,564,1
1892,22,62,1997,7,Male,449 Washington Street,35.01,-97.33,$15966,$32557,$60053,637,2
1814,41,68,1979,1,Female,136 South Street,41.83,-87.68,$16114,$32856,$26535,703,3
1957,40,74,1979,9,Male,1977 Lake Avenue,34.15,-118.6,$47055,$95945,$222735,772,2
1141,66,57,1953,10,Male,35 Essex Drive,36.48,-80.61,$15838,$27266,$19798,777,5
1195,75,68,1944,7,Male,1222 First Drive,44.01,-92.47,$23553,$40696,$15691,801,6
1029,66,72,1953,3,Male,9218 Martin Luther King Avenue,27.9,-81.97,$17944,$36589,$86573,676,3
556,46,66,1973,12,Male,5659 Park Avenue,41.01,-81.6,$17856,$36405,$31815,715,2
1669,44,62,1975,5,Male,6308 Maple Avenue,38.66,-121.62,$25234,$51454,$151162,698,4
38,45,64,1974,12,Female,582 Birch Boulevard,26.63,-81.85,$19621,$40006,$72794,621,1
585,52,62,1967,9,Male,5581 Federal Street,30.11,-97.3,$20346,$41483,$64715,584,1
1579,81,70,1938,6,Female,7673 Plum Drive,27.95,-82.48,$18881,$28594,$1821,728,5
316,36,69,1983,8,Male,995 Martin Luther King Street,29.76,-95.38,$19554,$39871,$73726,719,4
205,38,68,1982,1,Male,839 Essex Lane,47.65,-111.38,$19560,$39882,$77817,809,4
513,24,69,1995,10,Male,841 Spruce Drive,30.5,-90.46,$17584,$35856,$73257,712,4
1426,22,66,1997,4,Female,37 Norfolk Boulevard,40.33,-74.03,$56252,$114692,$91575,805,2
1977,43,69,1976,8,Female,825 Sussex Avenue,41.5,-87.5,$28048,$57185,$0,773,3
1695,45,66,1974,12,Female,238 Ocean View Lane,33.94,-117.99,$27973,$57027,$21798,709,4
1339,25,70,1994,8,Male,9181 Elm Avenue,38.01,-121.38,$31600,$64429,$136163,773,2
389,27,67,1992,7,Male,9517 Ninth Street,44.53,-73.15,$26033,$53082,$106945,689,3
1400,29,71,1990,5,Male,4673 Washington Avenue,32.41,-87.03,$12474,$25434,$0,698,2
1515,77,67,1942,12,Female,7239 Hill Lane,40.34,-76.42,$20983,$30457,$19314,520,5
806,24,67,1995,4,Female,8251 Park Lane,40.11,-83.13,$38243,$77972,$6128,686,3
1320,28,64,1991,10,Female,5225 Bayview Street,34.02,-118.28,$13002,$26513,$32620,604,1
41,38,70,1981,3,Male,2750 Rose Boulevard,43.08,-91.56,$13332,$27183,$58323,637,1
1131,76,69,1943,4,Male,2609 Plum Drive,38.88,-94.81,$28490,$19682,$0,683,4
1096,59,67,1960,10,Male,1089 Norfolk Avenue,43.04,-76.14,$20294,$41379,$95988,681,2
114,47,65,1972,12,Female,112 Elm Avenue,34.18,-118.39,$16892,$34441,$907,725,4
1326,52,73,1968,2,Female,292 Maple Drive,40.49,-74.48,$32610,$66489,$83828,731,2
1634,66,68,1953,3,Male,703 West Drive,26.18,-98.11,$10091,$20577,$60152,825,4
394,52,71,1967,4,Male,514 Pine Boulevard,41.09,-73.55,$34138,$69604,$47193,684,4
594,29,70,1990,12,Male,7109 Rose Street,35.88,-80.07,$16642,$33933,$5329,698,6
1229,50,66,1970,2,Male,421 Essex Street,35.18,-79.46,$24206,$49350,$20942,713,6
336,23,65,1996,12,Male,2545 Federal Drive,40.71,-74.06,$21642,$44128,$0,760,1
359,66,61,1953,7,Male,338 Littlewood Street,33.94,-83.99,$24252,$57383,$20725,799,4
837,30,65,1989,4,Male,445 Fifth Avenue,39.15,-80.35,$17701,$36092,$63276,679,1
136,18,66,2001,4,Female,724 Essex Drive,38.22,-85.74,$31636,$64504,$69041,695,3
1187,55,67,1964,9,Male,203 Valley Lane,44.78,-89.68,$23216,$47334,$87775,701,3
1561,78,67,1941,5,Female,245 Martin Luther King Drive,35.0,-80.94,$26707,$51014,$23366,759,4
407,23,66,1996,8,Female,9392 Fifth Avenue,41.83,-87.68,$20822,$42454,$63754,750,4
932,67,69,1953,2,Male,295 West Avenue,32.36,-92.97,$16760,$34172,$71366,811,6
672,37,68,1983,2,Male,95873 Madison Boulevard,35.81,-83.25,$11755,$23967,$3880,722,4
508,24,69,1995,7,Male,3221 Tenth Lane,39.75,-75.09,$31547,$64319,$0,757,3
137,33,65,1986,7,Female,3177 Oak Avenue,36.33,-82.36,$20142,$41069,$64073,644,3
565,54,65,1965,10,Male,6721 Sussex Drive,32.98,-96.89,$21381,$43598,$15891,757,4
934,32,63,1987,12,Female,2017 Ninth Drive,42.38,-76.39,$20159,$41106,$106963,762,3
938,28,73,1991,7,Female,875 Plum Street,38.97,-94.95,$24982,$50934,$54406,720,3
1469,21,68,1998,12,Male,74 Hill Avenue,39.12,-97.7,$16990,$34646,$54205,759,1
322,47,65,1972,10,Male,708 George Street,31.22,-84.21,$13759,$28055,$12475,829,3
1067,76,63,1943,12,Male,343 Lafayette Drive,37.54,-97.25,$24531,$41790,$24676,719,5
1685,53,61,1966,7,Male,5886 Ninth Boulevard,33.61,-111.89,$36300,$74012,$93119,681,2
1757,39,68,1980,11,Male,2773 El Camino Lane,40.19,-85.39,$20644,$42086,$79530,784,4
1259,64,69,1955,7,Female,729 Littlewood Avenue,41.18,-73.42,$94302,$192269,$100192,700,6
48,69,63,1950,4,Male,5233 Valley Stream Street,35.11,-106.62,$20993,$16542,$36831,733,3
1496,20,65,1999,9,Male,9895 El Camino Boulevard,41.75,-70.61,$23909,$48747,$171249,713,3
1722,24,65,1995,9,Female,162 Rose Drive,37.96,-121.26,$12089,$24648,$32962,600,1
1199,29,68,1990,6,Male,704 Eighth Avenue,42.93,-75.38,$19161,$39069,$63884,720,2
1263,56,70,1963,8,Female,212 Mountain View Lane,33.95,-84.54,$17977,$36652,$60949,600,3
1575,51,68,1968,5,Female,23 12th Boulevard,27.19,-82.49,$28272,$57646,$127892,724,4
1804,18,65,2001,9,Male,1335 Norfolk Drive,41.56,-70.55,$21335,$43499,$108468,701,4
1112,34,66,1985,11,Female,5411 Madison Avenue,31.09,-97.71,$14665,$29897,$27736,760,6
1953,29,68,1991,1,Female,21 Lafayette Drive,43.59,-88.28,$21579,$43996,$16260,842,3
1810,66,66,1953,12,Male,350 North Street,42.22,-83.36,$18879,$31175,$5846,711,5
1674,70,64,1949,4,Male,5073 Wessex Avenue,35.49,-90.35,$14172,$26858,$11245,712,2
218,59,68,1960,3,Female,5238 Park Street,40.76,-74.03,$16770,$34190,$39242,810,7
749,22,68,1997,10,Male,4098 Park Drive,32.75,-97.33,$12051,$24574,$80667,674,3
1645,62,65,1957,11,Female,58 Federal Lane,41.47,-81.85,$29692,$60541,$160456,716,3
820,70,59,1949,12,Female,669 South Street,41.7,-70.3,$26762,$41902,$29713,633,5
367,27,67,1992,8,Female,8893 Valley Drive,41.52,-87.42,$21992,$44843,$67179,756,2
1542,46,69,1973,12,Female,515 South Street,41.47,-81.67,$27250,$55565,$34039,731,2
83,31,69,1988,5,Male,766 Catherine Boulevard,38.29,-77.48,$29157,$59455,$96224,557,1
1204,42,67,1977,6,Male,583 El Camino Boulevard,42.09,-70.7,$34059,$69440,$129944,743,3
1455,36,67,1983,12,Male,83 Sixth Drive,32.72,-117.09,$16838,$34330,$15223,713,4
1964,68,64,1951,12,Male,973 Federal Drive,35.64,-78.45,$22644,$38637,$30595,643,4
1017,24,69,1995,7,Male,7043 Ocean Avenue,34.14,-119.1,$14076,$28703,$94364,560,1
1912,37,60,1982,7,Female,3510 Mountain View Street,44.96,-93.26,$22059,$44976,$134335,684,1
447,79,68,1940,3,Male,5336 Tenth Drive,43.22,-86.25,$19131,$30977,$21507,796,5
1057,39,71,1980,7,Female,135 Littlewood Avenue,33.2,-117.29,$22050,$44958,$91549,787,1
1693,36,69,1983,4,Female,478 East Drive,33.61,-111.89,$36300,$74016,$85204,702,2
241,58,67,1961,4,Female,6077 Sixth Avenue,34.93,-79.76,$15009,$30605,$16549,737,5
1540,55,61,1964,9,Female,1513 Valley Boulevard,39.33,-84.54,$21992,$44839,$63194,625,3
1981,48,65,1972,1,Male,8975 Littlewood Boulevard,26.63,-81.99,$19274,$39303,$23650,702,7
973,55,68,1964,5,Male,1587 Rose Lane,34.51,-89.94,$12285,$25051,$19465,734,4
736,27,66,1992,9,Female,8440 Park Drive,39.99,-105.09,$30072,$61317,$0,741,3
1258,79,65,1940,5,Female,265 Little Creek Street,33.99,-117.53,$19851,$15470,$15349,789,7
1341,87,72,1932,8,Male,4713 First Boulevard,41.15,-85.48,$19914,$30349,$2985,686,4
465,47,72,1972,5,Male,38318 West Drive,34.42,-84.11,$20581,$41965,$55700,724,2
430,52,67,1967,5,Female,903 Hill Boulevard,41.42,-87.35,$26168,$53350,$128676,685,5
228,54,66,1966,1,Female,2206 South Drive,28.55,-82.39,$15524,$31655,$46405,623,1
514,58,72,1961,8,Male,967 Norfolk Avenue,28.08,-80.6,$15840,$32295,$72357,698,4
1013,25,69,1995,1,Female,834 Elm Avenue,38.99,-105.05,$23550,$48017,$95549,711,1
1498,47,66,1972,7,Female,69590 Rose Drive,39.68,-74.98,$24911,$50790,$3547,726,4
129,56,63,1963,6,Female,6295 Summit Drive,34.1,-118.05,$22008,$44875,$125909,510,1
103,41,71,1978,3,Female,8 Tenth Drive,35.82,-78.65,$17056,$34774,$78060,850,5
1893,26,59,1993,12,Male,6222 Sixth Lane,43.1,-71.73,$26084,$53182,$99550,623,1
1072,48,62,1972,1,Female,940 First Drive,38.71,-92.08,$19627,$40017,$75377,648,1
335,46,68,1973,7,Female,75 Birch Lane,26.74,-80.12,$27696,$56467,$66565,688,3
392,50,65,1969,11,Female,687 Fifth Boulevard,27.64,-80.39,$16234,$33098,$59605,775,3
1986,44,69,1975,12,Female,5887 Seventh Lane,37.68,-122.43,$23752,$48430,$62384,716,2
1109,24,65,1995,11,Male,8245 El Camino Lane,37.68,-97.34,$21518,$43875,$128146,639,1
755,74,67,1945,11,Female,951 11th Avenue,33.82,-78.67,$13409,$23137,$4871,642,5
1354,34,59,1985,4,Male,7401 Seventh Street,35.46,-86.08,$16349,$33336,$48213,692,3
1548,41,65,1978,10,Male,439 George Avenue,40.5,-111.7,$35834,$73067,$6332,721,3
383,48,66,1971,9,Male,6606 Oak Drive,30.81,-92.65,$16816,$34287,$77180,760,3
1647,18,65,2002,2,Female,1358 Plum Avenue,41.31,-79.38,$17321,$35311,$44783,684,5
283,19,69,2000,11,Male,74 Birch Avenue,40.75,-103.06,$15064,$30710,$30956,680,2
1530,64,68,1956,2,Female,25 Elm Street,32.93,-97.22,$0,$1785,$2892,732,3
308,44,65,1976,1,Male,3675 Bayview Drive,35.37,-85.38,$15209,$31015,$103094,737,2
62,78,68,1941,11,Female,9911 Rose Street,41.13,-124.04,$15296,$22290,$9235,716,6
1541,48,65,1971,10,Female,7139 Lake Boulevard,36.09,-84.13,$18353,$37422,$127116,681,5
451,65,67,1954,12,Male,654 Birch Lane,41.26,-96.01,$14199,$28951,$56777,711,2
1680,59,63,1960,11,Female,4701 Littlewood Drive,27.95,-82.48,$28916,$58959,$109358,598,2
738,57,67,1962,10,Female,15664 Lafayette Street,40.02,-105.25,$31377,$63974,$131731,707,4
426,26,65,1993,4,Female,8709 Fifth Street,42.9,-85.82,$20773,$42348,$6204,754,4
1738,30,68,1989,3,Male,5142 Little Creek Street,35.67,-97.41,$33736,$68784,$198417,696,4
984,63,66,1956,3,Female,642 Ocean View Lane,28.3,-81.41,$16150,$32928,$80794,850,5
1310,33,69,1986,9,Female,4930 Birch Drive,33.92,-78.02,$17498,$35670,$58182,751,2
1988,59,67,1960,8,Male,763 Essex Avenue,25.77,-80.2,$53676,$109440,$180865,737,5
1517,37,71,1982,3,Male,7954 Wessex Boulevard,38.9,-77.26,$60593,$123540,$236393,764,4
159,53,69,1966,7,Male,274 Summit Street,32.79,-96.76,$13799,$28134,$20231,707,3
422,19,62,2000,11,Female,5378 Lafayette Avenue,39.98,-82.98,$15539,$31683,$46987,817,4
1684,56,65,1963,11,Male,27019 Madison Lane,36.34,-83.28,$13668,$27861,$108313,782,5
1061,25,67,1994,12,Male,8931 Norfolk Drive,33.44,-111.8,$19844,$40457,$68826,739,1
319,67,67,1952,12,Male,388 Third Avenue,36.75,-119.67,$17683,$28357,$10400,628,2
819,55,77,1964,10,Female,4909 Maple Avenue,40.43,-79.97,$18392,$37495,$28449,687,3
756,66,65,1953,10,Female,8651 North Boulevard,39.64,-84.08,$28466,$59251,$29300,679,1
1396,22,61,1997,5,Male,666 Lafayette Lane,39.21,-76.72,$22728,$46344,$66994,732,3
881,61,70,1958,3,Female,4155 Spruce Avenue,39.85,-75.18,$28663,$58433,$48231,696,4
628,57,66,1963,1,Male,4 George Lane,40.0,-75.26,$52517,$107075,$75999,815,3
1222,42,66,1977,12,Female,1957 Park Lane,42.39,-113.78,$14094,$28738,$48786,600,1
1459,53,65,1967,2,Male,9385 Birch Street,35.11,-106.62,$15385,$31369,$0,707,3
1945,56,70,1964,2,Female,7728 Oak Drive,34.72,-92.35,$14736,$30042,$9208,727,4
1344,61,65,1958,11,Male,186 Forest Avenue,42.58,-83.03,$22974,$46843,$66529,736,2
1273,21,71,1998,4,Male,966 Sussex Boulevard,41.88,-87.97,$24223,$49382,$43126,762,1
1225,54,70,1965,11,Male,6831 Valley Boulevard,37.97,-122.5,$30819,$62837,$86171,850,3
1829,25,68,1995,2,Male,4920 Valley Stream Drive,33.34,-84.1,$21682,$44204,$59310,710,3
448,41,63,1978,8,Male,992 Martin Luther King Avenue,41.48,-87.68,$19359,$39472,$82626,698,1
1869,28,71,1991,9,Male,96707 East Boulevard,34.78,-86.95,$16912,$34487,$52077,702,1
988,68,68,1951,4,Male,344 Washington Drive,29.91,-90.05,$20042,$39832,$5377,785,4
1602,41,66,1979,2,Female,2079 Maple Drive,40.38,-77.88,$14650,$29864,$44902,717,2
145,58,65,1962,1,Female,645 Hillside Lane,36.18,-82.07,$12427,$25334,$182,696,3
1305,46,73,1974,2,Female,2794 Seventh Drive,35.33,-89.88,$19115,$38971,$0,784,3
217,42,65,1977,10,Male,272 Burns Boulevard,41.77,-87.82,$15221,$31031,$21853,744,7
84,47,68,1972,9,Male,23068 Park Street,36.49,-81.5,$12630,$25748,$41455,738,3
552,54,66,1965,4,Male,1416 Bayview Avenue,29.67,-82.33,$25767,$52538,$132409,602,1
1274,49,61,1970,4,Female,824 West Drive,41.95,-71.7,$24260,$49464,$123198,705,6
878,45,65,1974,3,Male,13 Lake Drive,40.03,-76.49,$19663,$40093,$81752,615,2
894,41,68,1978,5,Female,1071 Lafayette Street,43.3,-71.33,$19781,$40334,$65793,597,3
869,73,68,1946,9,Male,9355 Ocean View Drive,33.85,-84.22,$22682,$34220,$0,745,5
854,26,65,1994,2,Female,3716 North Boulevard,41.64,-88.44,$29281,$59699,$71110,688,1
381,26,69,1994,2,Male,5101 Birch Lane,38.72,-90.47,$25163,$51306,$68198,675,1
1316,27,65,1993,2,Female,711 Norfolk Drive,40.6,-80.65,$16314,$33266,$0,693,5
799,34,68,1985,7,Female,90 El Camino Avenue,42.88,-78.85,$15461,$31525,$57818,686,2
595,79,66,1941,2,Male,132 Lexington Drive,36.5,-78.55,$18100,$29041,$4427,699,4
636,47,69,1973,2,Female,1342 Hill Lane,41.83,-87.68,$11951,$24372,$63295,793,4
533,22,65,1997,9,Male,385 Lexington Boulevard,32.71,-102.65,$15183,$30961,$42597,677,1
295,53,69,1966,11,Male,914 Spruce Drive,40.79,-90.16,$14739,$30054,$60128,681,1
300,40,64,1979,12,Male,69 Martin Luther King Street,41.36,-73.2,$37131,$75711,$121251,750,1
619,54,65,1965,12,Male,498 Littlewood Avenue,44.01,-92.47,$26478,$53986,$58381,748,4
1909,56,66,1963,5,Male,603 Lake Avenue,34.02,-118.28,$13002,$26510,$53023,696,4
400,46,68,1973,5,Female,539 Pine Boulevard,30.17,-85.67,$19508,$39770,$72827,711,4
1749,50,61,1969,7,Female,415 Elm Street,42.39,-83.05,$8658,$17657,$21899,614,2
1598,82,61,1937,6,Male,996 Valley Drive,36.83,-119.79,$12508,$26126,$1213,697,5
1884,18,64,2001,5,Male,660 Seventh Drive,39.98,-82.98,$28092,$57281,$89114,850,1
734,43,61,1976,7,Female,57799 Oak Boulevard,42.88,-78.85,$12220,$24917,$36101,693,2
720,36,65,1983,5,Female,980 Federal Drive,42.38,-83.1,$9710,$19800,$40038,682,3
518,31,61,1988,4,Male,558 North Street,44.06,-70.39,$22283,$45433,$91998,523,1
522,26,65,1994,2,Female,4726 Third Street,38.46,-85.95,$21313,$43454,$79295,774,2
690,71,64,1948,3,Female,149 Burns Boulevard,39.59,-105.01,$31024,$67186,$29682,692,1
1059,50,64,1969,4,Male,9762 Pine Street,35.43,-82.5,$22345,$45560,$79660,644,3
1423,23,55,1996,3,Female,989 Hill Avenue,28.8,-81.88,$11204,$22844,$37625,689,1
1228,54,61,1965,7,Male,456 Sixth Boulevard,30.26,-97.74,$23287,$47482,$59590,726,5
783,62,61,1957,9,Male,641 Martin Luther King Avenue,35.31,-106.55,$15966,$29769,$14542,693,3
1730,52,65,1967,10,Female,445 West Boulevard,40.71,-74.06,$21642,$44128,$148684,739,3
970,42,66,1977,11,Male,1942 Rose Avenue,29.1,-81.0,$21916,$44681,$42011,770,3
1348,83,64,1936,6,Male,873 Summit Street,40.64,-73.94,$0,$2,$0,667,6
352,22,65,1997,11,Male,32 Valley Drive,34.21,-119.18,$18175,$37058,$50548,680,2
1643,28,64,1991,6,Female,233 Oak Drive,45.47,-122.37,$22599,$46077,$101450,686,1
1830,56,75,1963,9,Male,1184 Essex Lane,35.05,-83.19,$15899,$32418,$84507,758,4
1532,28,65,1991,3,Female,99 El Camino Drive,39.53,-79.01,$17079,$34825,$65082,759,1
1790,21,69,1998,3,Male,727 Valley Stream Boulevard,41.24,-73.31,$55814,$113797,$169684,660,1
1770,30,66,1989,9,Male,6657 West Street,26.61,-80.05,$18415,$37544,$15489,703,4
414,45,66,1975,1,Female,471 Eighth Lane,40.79,-74.47,$55362,$112875,$44432,709,2
707,22,67,1997,12,Female,5941 South Lane,34.72,-82.78,$18271,$37253,$63522,576,1
382,55,68,1964,11,Male,541 Tenth Street,34.0,-118.28,$11329,$23103,$63635,681,3
782,51,66,1968,7,Female,2554 11th Lane,41.28,-84.36,$18229,$37169,$93844,722,3
362,37,59,1983,1,Male,6680 River Avenue,36.07,-115.21,$23889,$48710,$59824,792,3
562,37,61,1982,8,Female,1059 Elm Avenue,39.95,-104.9,$32793,$66863,$89031,673,1
1932,26,60,1993,12,Female,15 Valley Stream Drive,32.59,-116.58,$9352,$19069,$23153,658,1
1678,36,65,1983,3,Male,296 Pine Boulevard,41.7,-72.67,$28557,$58225,$101148,685,3
851,88,65,1931,10,Female,42 Fourth Avenue,38.21,-85.23,$19620,$31399,$2528,757,4
110,52,72,1967,10,Female,31204 El Camino Lane,30.26,-97.74,$25594,$52186,$42852,737,4
1468,66,65,1954,1,Male,5238 Plum Street,37.1,-121.6,$26188,$44137,$22392,626,2
289,22,64,1997,12,Female,109 El Camino Avenue,29.76,-95.38,$11219,$22876,$36157,685,2
1416,73,65,1946,9,Female,8258 Jefferson Drive,43.03,-76.3,$24172,$48750,$18724,709,8
1424,101,68,1918,5,Female,887 Third Boulevard,35.13,-112.99,$13086,$15348,$1396,761,4
55,61,68,1958,3,Female,3374 Littlewood Street,37.92,-122.34,$21869,$44583,$85531,717,5
456,54,63,1965,10,Male,600 Grant Lane,26.63,-81.99,$17140,$34947,$49024,751,3
1860,33,65,1986,6,Female,689 Littlewood Lane,34.48,-87.28,$17271,$35213,$87653,719,3
1470,88,57,1931,9,Male,636 Main Avenue,30.79,-98.43,$13088,$22371,$994,700,4
1546,48,61,1971,11,Male,70 Second Drive,43.3,-71.33,$19781,$40336,$144284,668,4
1478,39,66,1980,10,Female,3863 River Avenue,38.93,-121.25,$21829,$44506,$57994,849,3
559,56,59,1963,5,Male,593 Valley Stream Drive,35.97,-97.02,$17394,$35468,$53185,490,2
76,22,63,1997,8,Female,3269 River Street,40.23,-83.37,$25313,$51613,$62635,649,2
1950,39,73,1980,3,Female,63 Plum Street,36.69,-84.47,$10942,$22312,$39445,720,5
561,48,67,1971,6,Male,604 Pine Street,40.8,-91.12,$18076,$36853,$112139,834,5
1911,58,75,1961,11,Female,3856 Valley Boulevard,37.08,-94.5,$16574,$33793,$108196,768,4
627,50,62,1969,11,Male,6669 Burns Street,41.83,-73.12,$22401,$45674,$83331,717,1
1441,40,66,1979,7,Male,631 Ocean View Street,43.07,-89.38,$23840,$48609,$43520,737,3
1028,50,66,1970,1,Male,1012 Hill Drive,41.83,-87.68,$39789,$81122,$112394,682,5
1774,52,69,1967,10,Male,653 Mill Street,44.96,-93.26,$20662,$42129,$101742,758,4
1717,67,67,1952,7,Female,728 Sixth Avenue,43.06,-78.27,$17665,$43070,$14135,726,4
914,38,71,1982,1,Male,10 Norfolk Boulevard,37.68,-97.34,$22638,$46160,$87459,763,4
1635,54,58,1965,3,Male,90 Sussex Drive,40.68,-73.78,$20760,$42332,$75213,616,6
695,49,68,1970,7,Female,530 Main Boulevard,29.48,-95.1,$35246,$71866,$132580,662,1
1340,53,68,1966,8,Male,815 Hillside Drive,29.76,-95.38,$26420,$53872,$64269,691,5
358,36,71,1983,7,Female,65 Fifth Lane,34.17,-82.37,$15243,$31079,$91845,605,2
1390,37,71,1982,6,Male,691 First Lane,36.17,-86.78,$29868,$60897,$85771,850,3
1114,44,66,1976,1,Male,9900 Ninth Avenue,39.02,-86.93,$18204,$37115,$58438,685,3
466,58,64,1961,8,Female,416 Madison Street,40.4,-81.35,$14477,$29519,$45597,643,3
1761,23,71,1996,10,Female,533 Fourth Street,38.65,-121.25,$27548,$56168,$186534,703,3
961,76,63,1944,2,Male,3031 Essex Street,28.2,-82.59,$34909,$26660,$28332,721,4
138,43,68,1977,2,Female,754 South Avenue,40.77,-79.04,$16071,$32770,$103262,641,4
1267,81,65,1938,10,Female,9574 Ocean Drive,47.83,-122.32,$28248,$31912,$2182,630,4
1202,63,65,1956,10,Female,881 Ocean View Street,41.83,-87.68,$0,$4,$0,691,3
1553,21,62,1998,10,Male,5 Lafayette Avenue,41.24,-81.45,$42201,$86042,$165447,701,2
898,90,66,1929,6,Female,145 River Drive,40.59,-75.47,$12427,$19893,$1712,566,3
333,20,64,2000,1,Female,6877 Jefferson Drive,39.45,-74.72,$23298,$47504,$65156,706,1
974,59,65,1960,9,Male,948 Federal Drive,34.73,-82.25,$23966,$48867,$92873,644,2
478,54,71,1965,9,Male,9939 Mill Lane,34.05,-84.07,$35710,$72807,$0,803,3
1922,79,65,1940,11,Male,127 Valley Boulevard,32.85,-117.2,$34848,$53222,$23051,640,1
1733,47,66,1972,6,Female,6613 Hill Drive,36.73,-84.16,$12814,$26130,$54290,498,1
1329,24,68,1995,3,Female,6768 Federal Avenue,34.08,-117.46,$13739,$28011,$20196,720,4
689,65,62,1954,3,Female,440 Maple Drive,40.76,-74.23,$18012,$39077,$14019,709,1
1549,68,74,1952,1,Male,731 Martin Luther King Boulevard,29.76,-95.38,$31072,$63355,$140526,747,5
396,89,72,1930,10,Female,711 South Boulevard,42.07,-87.81,$38274,$50341,$3270,735,5
423,28,70,1991,3,Female,19 El Camino Drive,33.62,-112.05,$26023,$53053,$42396,696,2
830,29,71,1990,10,Female,412 First Boulevard,29.99,-95.26,$32943,$67166,$123932,688,2
1454,30,64,1990,1,Male,7051 West Drive,33.79,-117.99,$17564,$35813,$43474,748,2
1942,77,63,1942,3,Female,2073 South Avenue,40.71,-73.99,$0,$1,$0,673,3
673,48,68,1971,7,Male,1772 Essex Boulevard,37.27,-79.88,$19188,$39124,$66231,722,4
1117,49,68,1970,4,Female,2350 Bayview Street,41.36,-97.97,$13582,$27691,$24480,687,2
112,54,66,1965,12,Female,85 Lafayette Boulevard,43.98,-75.6,$17220,$35114,$24637,686,5
1857,32,66,1987,8,Male,4063 Burns Boulevard,40.77,-74.39,$47698,$97248,$197100,775,5
349,40,61,1979,12,Female,1943 Birch Street,40.84,-81.63,$21201,$43229,$96831,685,2
70,20,64,2000,2,Male,8997 Summit Avenue,40.26,-76.71,$31040,$63292,$145756,635,1
236,36,65,1983,3,Female,4137 Bayview Drive,29.7,-95.46,$79100,$161276,$317964,540,1
610,18,58,2002,1,Male,36 First Drive,47.78,-117.45,$21609,$44061,$107955,713,4
1580,19,61,2000,4,Female,528 Spruce Lane,41.6,-87.05,$27261,$55587,$151141,621,2
703,53,66,1966,11,Female,864 Jefferson Drive,30.23,-92.19,$19798,$40363,$111112,711,4
1936,86,68,1933,7,Female,406 El Camino Boulevard,44.4,-73.0,$26951,$35685,$1135,714,5
177,54,66,1965,12,Female,294 Bayview Lane,35.1,-90.0,$28570,$58248,$107130,728,4
657,83,68,1936,11,Female,2780 Martin Luther King Drive,44.45,-95.78,$20697,$33897,$533,705,4
1570,21,67,1998,4,Female,100 Seventh Drive,45.93,-88.25,$18016,$36733,$0,761,3
199,67,67,1952,4,Female,7927 Plum Lane,33.1,-96.66,$32580,$78329,$40161,720,3
1543,31,68,1988,10,Female,5857 12th Avenue,34.14,-118.46,$51976,$105963,$106266,684,4
210,46,63,1973,8,Male,7677 Little Creek Drive,29.45,-98.5,$12677,$25850,$56285,630,1
474,55,66,1964,4,Male,455 Little Creek Boulevard,40.75,-73.64,$39705,$80957,$161166,683,6
1176,39,64,1980,10,Male,2411 Hillside Lane,37.94,-87.4,$28126,$57348,$119230,527,3
1477,47,67,1972,7,Male,30 First Lane,40.15,-82.68,$22934,$46763,$65106,696,3
1007,66,60,1954,2,Male,259 Valley Boulevard,40.24,-76.92,$25336,$54654,$27241,618,1
1997,76,69,1943,8,Male,765 Forest Street,44.92,-93.4,$39155,$38800,$25867,758,7
1630,24,65,1996,1,Male,716 Bayview Avenue,36.11,-80.81,$15545,$31693,$98206,719,1
284,51,65,1968,4,Male,822 Martin Luther King Drive,33.44,-111.76,$25005,$50980,$0,754,4
490,86,68,1933,9,Male,90 Lexington Drive,29.45,-98.5,$29557,$33426,$1852,699,4
201,61,65,1958,5,Male,206 Pine Lane,41.52,-88.12,$17567,$35823,$96691,732,3
90,63,62,1956,8,Male,9 Mill Drive,28.37,-80.75,$19018,$12796,$22192,644,3
163,37,73,1983,2,Male,169 Oak Street,41.37,-79.7,$16237,$33108,$44044,829,2
1493,30,65,1989,11,Male,136 Spruce Street,38.22,-122.55,$26748,$54537,$121987,765,4
444,24,68,1995,9,Female,549 Ocean Boulevard,40.84,-73.87,$12939,$26382,$13161,748,2
13,52,61,1967,6,Female,4222 Ocean View Drive,37.89,-85.96,$15879,$32378,$65919,588,4
1165,55,73,1964,11,Female,446 Birch Drive,36.37,-84.12,$13522,$27572,$59404,797,1
1803,26,60,1993,4,Female,596 Mountain View Lane,41.66,-70.34,$23129,$47160,$64193,578,1
1449,66,63,1953,6,Male,5807 Lincoln Street,32.61,-83.63,$15334,$28104,$12054,751,3
146,47,67,1972,7,Female,45 Ocean Lane,41.85,-88.3,$33701,$68710,$201796,717,3
1888,75,59,1944,6,Female,7854 Plum Avenue,44.65,-93.17,$28429,$41513,$15899,748,3
293,32,63,1987,8,Female,58221 Main Drive,35.22,-97.34,$20640,$42084,$57760,661,5
268,20,62,1999,9,Female,825 Norfolk Drive,43.02,-78.75,$29558,$60265,$80939,582,3
544,34,65,1985,5,Female,100 Rose Lane,40.86,-73.63,$29426,$59999,$128311,676,1
1785,40,64,1979,10,Male,344 11th Street,25.92,-97.48,$12684,$25861,$42050,607,3
893,18,68,2002,2,Male,4485 Plum Lane,43.05,-74.34,$17027,$34716,$18962,850,3
1969,84,65,1935,4,Male,402 El Camino Drive,27.48,-82.57,$29583,$44690,$2249,733,5
52,56,66,1963,4,Female,13 Rose Boulevard,41.56,-73.59,$31288,$63796,$82173,730,3
1703,47,65,1972,8,Female,1532 Birch Drive,39.08,-108.55,$24115,$49169,$65994,747,2
1826,45,61,1974,5,Female,94936 Elm Drive,28.92,-81.92,$8155,$16628,$33926,654,1
277,46,68,1974,2,Male,2292 South Street,33.77,-89.81,$15568,$31739,$81905,799,5
342,18,68,2001,6,Male,3033 Maple Lane,38.94,-77.19,$62840,$128123,$135808,699,1
387,34,65,1985,10,Male,8229 Bayview Avenue,41.4,-82.23,$22261,$45388,$64749,723,1
1773,22,70,1997,9,Male,675 Norfolk Drive,29.76,-95.38,$26420,$53873,$76960,742,1
863,60,68,1959,12,Female,256 Ocean Drive,35.4,-93.11,$16877,$34406,$1636,774,3
1899,31,67,1988,8,Female,761 Main Avenue,47.94,-122.0,$28037,$57166,$111755,737,2
1119,23,63,1996,11,Female,994 Second Lane,38.83,-76.92,$23340,$47589,$114020,763,4
951,57,66,1962,9,Female,381 Catherine Avenue,33.91,-118.23,$13075,$26664,$12241,709,4
1338,33,67,1986,12,Male,12 12th Avenue,42.58,-87.85,$23060,$47023,$0,765,2
409,54,65,1965,8,Female,7561 Littlewood Street,42.49,-92.35,$14568,$29699,$6569,711,3
1594,39,64,1980,11,Male,532 12th Drive,27.98,-80.66,$17645,$35978,$49366,643,3
761,18,69,2001,3,Female,94 Lafayette Avenue,21.45,-158.01,$27576,$56222,$63846,726,4
369,39,65,1980,9,Male,5193 East Street,38.22,-85.74,$25258,$51499,$7226,788,4
935,18,71,2002,1,Female,197 George Drive,31.5,-82.85,$15701,$32014,$61420,728,3
1882,58,65,1961,10,Male,860 Maple Avenue,37.59,-122.06,$29097,$59322,$145137,694,3
592,68,65,1952,2,Male,69 Spruce Avenue,35.32,-82.46,$13634,$23993,$2573,714,5
1322,35,62,1984,5,Female,775 Essex Lane,39.67,-75.75,$22319,$45508,$93806,636,1
1207,41,65,1978,10,Male,8425 East Lane,41.47,-81.67,$27646,$56368,$71544,664,3
1026,84,70,1935,5,Male,2116 Second Drive,36.52,-119.39,$13194,$17016,$691,714,4
1372,76,66,1943,10,Female,96 Ninth Lane,34.95,-96.75,$15005,$28215,$18116,697,2
20,86,67,1933,12,Female,3631 Plum Boulevard,32.42,-97.1,$19477,$23371,$0,757,8
1718,81,67,1938,11,Female,766 Third Drive,34.02,-117.89,$22681,$33483,$196,698,5
1150,46,67,1973,4,Male,5692 Jefferson Boulevard,32.83,-97.17,$30913,$63030,$93406,791,5
1849,39,66,1980,11,Female,364 12th Drive,47.13,-122.4,$20345,$41483,$64098,721,2
1834,32,66,1987,7,Female,767 Park Drive,33.57,-101.87,$17444,$35565,$54634,681,3
1255,24,67,1995,9,Male,9614 Ocean View Drive,35.37,-85.38,$15209,$31006,$71031,681,2
1170,40,63,1980,2,Female,5191 Grant Drive,35.4,-80.43,$20041,$40867,$50449,694,2
438,32,66,1987,10,Female,12960 El Camino Lane,40.72,-74.17,$16691,$34034,$55846,633,2
507,22,70,1998,2,Male,79 Burns Drive,40.81,-74.0,$18392,$37497,$0,695,1
1599,22,68,1997,7,Male,71 Madison Street,31.84,-106.43,$16011,$32645,$59851,790,3
1606,49,66,1970,8,Male,9383 Martin Luther King Street,30.68,-88.04,$25381,$51755,$88605,806,1
82,22,68,1997,9,Female,6054 Main Avenue,41.83,-87.68,$0,$2026,$1417,779,1
1127,59,70,1960,8,Male,60396 Elm Street,26.14,-81.79,$17455,$35590,$92603,720,4
629,72,70,1947,5,Male,4388 Hillside Street,39.27,-76.83,$39053,$57513,$11755,793,5
421,53,67,1967,1,Female,595 Valley Stream Drive,41.97,-91.66,$22502,$45876,$58252,790,7
906,75,69,1945,2,Male,6930 East Lane,40.57,-112.33,$21749,$21154,$5764,705,6
412,25,65,1994,10,Male,7091 Lexington Lane,36.07,-94.15,$22964,$46822,$0,810,4
191,28,65,1991,10,Male,654 Elm Drive,33.71,-84.53,$19550,$39860,$112825,728,1
1813,35,66,1984,4,Female,334 Birch Drive,35.82,-87.01,$27637,$56350,$120125,808,4
888,53,67,1966,6,Male,817 Forest Street,34.86,-92.12,$16462,$33566,$96597,698,1
813,46,70,1973,6,Male,285 Washington Street,41.99,-71.5,$19065,$38872,$86648,585,1
601,68,67,1951,7,Male,5828 Wessex Drive,28.5,-81.37,$15849,$43004,$15304,761,6
1330,65,61,1954,12,Female,35187 West Lane,34.4,-119.72,$33097,$35404,$30887,575,3
1954,47,68,1973,1,Female,965 Wessex Street,33.94,-117.95,$23740,$48406,$80441,683,3
285,62,69,1957,8,Male,702 Elm Drive,36.95,-121.72,$16920,$34496,$33122,731,5
1719,81,64,1938,9,Female,678 Park Drive,25.77,-80.2,$19386,$23217,$2559,616,3
1608,19,68,2000,9,Female,1464 Bayview Street,31.85,-102.36,$19399,$39556,$132573,572,1
1402,35,63,1984,10,Male,626 Federal Drive,34.72,-92.35,$47364,$96574,$265319,590,3
1044,30,60,1989,6,Male,978 Wessex Avenue,36.44,-82.34,$22388,$45649,$150985,693,1
1000,20,73,1999,8,Female,6030 Third Lane,41.93,-71.29,$26693,$54424,$92199,687,1
587,20,62,1999,8,Male,5310 Hillside Avenue,40.64,-73.94,$12433,$25350,$70475,643,2
1218,20,71,1999,6,Male,982 Plum Boulevard,33.92,-118.2,$13632,$27801,$0,754,1
1928,56,68,1963,7,Male,273 Ocean Street,45.79,-122.69,$27308,$55682,$82696,750,4
622,23,65,1996,12,Male,986 East Avenue,38.85,-77.29,$42884,$87437,$0,738,2
419,60,66,1959,11,Male,933 Valley Lane,38.14,-120.45,$16448,$33540,$74530,734,5
1754,34,67,1985,11,Female,97 Fourth Drive,34.58,-94.23,$12910,$26325,$32456,562,1
1518,62,70,1957,8,Male,313 Martin Luther King Boulevard,34.47,-86.8,$18533,$37785,$81500,745,3
1230,18,50,2002,1,Male,66 Birch Lane,32.3,-80.92,$14305,$29169,$37230,754,1
1317,41,68,1978,7,Female,26 Valley Stream Drive,39.39,-74.51,$15157,$30910,$42507,749,4
1537,35,69,1984,6,Female,4395 Bayview Lane,47.69,-117.19,$17760,$36213,$48364,637,1
530,78,68,1941,7,Male,34533 Ninth Avenue,34.06,-117.39,$14709,$18100,$0,682,6
237,42,72,1977,8,Male,331 Oak Lane,37.96,-121.76,$28733,$58584,$99235,563,2
428,39,69,1980,11,Male,6405 Fifth Avenue,42.99,-71.45,$27706,$56486,$116394,689,2
356,50,73,1969,10,Female,24 River Avenue,27.19,-80.24,$20315,$41420,$0,691,5
452,31,74,1988,3,Male,557 Catherine Drive,29.76,-95.38,$31072,$63356,$140107,704,5
726,58,67,1961,8,Male,845 Littlewood Boulevard,33.79,-118.29,$22032,$44924,$27297,717,3
1603,41,65,1978,12,Male,6515 Hillside Drive,44.65,-114.15,$19036,$38812,$16331,762,4
1593,24,69,1995,12,Male,652 Maple Street,39.77,-84.19,$18208,$37122,$58984,753,4
320,34,75,1985,8,Male,6444 Madison Drive,32.22,-110.82,$17480,$35641,$64419,625,2
1412,58,67,1961,6,Female,91 Jefferson Drive,36.97,-86.44,$26567,$54166,$0,707,5
273,42,72,1977,4,Female,849 Norfolk Lane,41.16,-80.56,$18351,$37415,$66403,665,1
920,41,68,1978,11,Female,37 Sixth Lane,35.11,-106.62,$14078,$28704,$103891,700,2
1687,70,64,1949,12,Female,469 Grant Lane,35.11,-106.62,$24485,$40189,$24169,621,1
209,61,67,1959,1,Female,2111 Burns Street,31.65,-106.15,$14322,$29206,$25966,716,6
919,54,62,1965,3,Female,1635 Sussex Lane,38.81,-76.75,$33295,$67890,$112564,698,2
966,26,69,1993,4,Female,445 Fourth Lane,26.35,-98.11,$11763,$23987,$39071,630,1
301,47,69,1972,11,Male,6009 River Avenue,34.24,-84.49,$25654,$52308,$135319,679,1
1447,33,60,1987,2,Male,338 George Avenue,47.49,-122.1,$33714,$68741,$203172,610,1
1125,25,71,1994,8,Male,99791 12th Boulevard,30.51,-97.67,$31839,$64917,$102747,689,4
724,45,72,1974,5,Female,819 El Camino Boulevard,35.97,-96.76,$17237,$35142,$107898,731,4
1268,47,63,1972,9,Male,857 Catherine Avenue,34.2,-86.15,$14516,$29597,$44388,513,4
1506,25,63,1994,10,Male,2800 Third Drive,33.52,-86.79,$34578,$70502,$90003,614,2
1036,19,68,2000,5,Male,5966 Hill Boulevard,40.1,-74.93,$24817,$50602,$66762,722,2
2,48,64,1971,8,Male,6035 Forest Avenue,40.84,-73.87,$13461,$27447,$80850,673,5
443,31,71,1988,5,Male,913 Mill Boulevard,43.15,-72.36,$20592,$41986,$134162,697,1
997,57,67,1963,2,Female,339 Little Creek Lane,32.64,-116.98,$26957,$54963,$105623,675,4
223,37,67,1982,10,Female,3748 Mountain View Drive,38.78,-121.37,$28760,$58637,$87340,803,6
1982,30,71,1990,2,Male,5737 Washington Boulevard,40.13,-75.06,$34043,$69412,$64273,699,2
364,65,65,1954,5,Female,9052 River Lane,35.79,-83.97,$18273,$39809,$0,775,4
1762,29,64,1990,5,Male,5537 Forest Lane,38.55,-121.49,$31184,$63583,$200435,635,1
972,35,69,1984,5,Male,215 Plum Boulevard,31.84,-106.43,$24608,$50177,$101323,681,4
1815,59,66,1960,3,Female,8060 Pine Boulevard,41.82,-71.41,$30403,$61991,$2151,758,4
1483,18,70,2001,12,Male,65690 Bayview Lane,41.93,-71.29,$26693,$54427,$96369,714,2
109,29,66,1990,8,Female,933 Sussex Drive,45.6,-108.68,$19625,$40005,$37694,737,2
597,72,66,1948,1,Male,5138 North Drive,37.74,-122.44,$51692,$65055,$1676,736,6
310,26,61,1994,2,Male,4840 Summit Lane,38.72,-121.0,$28660,$58435,$134789,666,2
238,22,62,1997,6,Male,9261 Little Creek Lane,41.41,-82.31,$20400,$41595,$54451,675,1
245,39,65,1980,7,Female,3 Main Street,26.11,-80.39,$28826,$58774,$94053,528,2
596,28,65,1991,11,Male,914 George Street,40.64,-73.94,$16985,$34629,$34484,721,3
1526,53,64,1966,3,Female,5773 River Street,40.94,-121.74,$16742,$34137,$80467,671,4
1089,31,75,1988,9,Female,2725 Jefferson Drive,38.22,-85.74,$25258,$51501,$140481,729,3
1660,41,68,1978,4,Female,40 Washington Drive,36.73,-102.51,$11342,$23123,$5079,723,6
1012,35,66,1984,6,Female,9006 Ocean Boulevard,39.95,-75.16,$16114,$32855,$94228,693,2
446,23,68,1997,1,Male,28 Madison Lane,40.69,-73.73,$24200,$49342,$56137,703,1
1616,48,70,1971,8,Male,469 First Lane,33.0,-97.23,$46232,$94260,$39326,815,4
1058,61,67,1958,3,Male,5363 Tenth Lane,36.18,-87.34,$17261,$35196,$51751,684,4
551,65,67,1955,1,Male,54 George Avenue,39.14,-119.71,$19392,$39543,$53182,776,3
1765,40,68,1979,3,Male,9594 Burns Lane,33.46,-82.5,$15755,$32126,$56283,770,3
1854,48,69,1972,1,Male,4405 Wessex Drive,35.06,-85.25,$23706,$48337,$70603,625,2
1824,23,65,1996,7,Male,374 East Lane,40.44,-86.91,$24737,$50433,$97029,838,3
1823,67,70,1952,5,Male,172 Third Lane,33.27,-111.94,$32056,$65362,$27745,743,6
965,18,68,2002,1,Female,2108 Spruce Lane,38.58,-121.4,$20670,$42142,$116857,713,2
885,36,66,1983,12,Male,7121 Fourth Avenue,36.67,-93.86,$13895,$28334,$0,700,3
1840,46,71,1974,2,Female,576 Martin Luther King Street,45.49,-122.8,$21702,$44249,$103229,706,5
1895,56,65,1963,3,Female,900 Littlewood Street,39.75,-74.22,$20034,$40848,$146608,706,2
74,54,74,1965,5,Female,1444 Plum Boulevard,38.86,-104.76,$20579,$41957,$151027,783,3
1275,35,65,1984,3,Female,1496 Rose Street,34.04,-118.29,$11395,$23238,$31661,611,2
160,44,68,1975,10,Male,1915 Catherine Boulevard,38.91,-75.43,$18622,$37965,$69614,796,3
329,70,65,1949,3,Male,6339 Lafayette Avenue,34.39,-119.51,$21191,$36724,$16437,701,4
1197,28,64,1992,1,Female,146 Lafayette Drive,45.79,-122.69,$27308,$55684,$114269,722,3
1231,26,52,1994,1,Female,613 Little Creek Lane,26.41,-81.42,$10819,$22066,$38967,842,1
1650,18,67,2002,2,Male,701 Pine Drive,40.71,-74.06,$21642,$44128,$142368,687,3
250,50,64,1970,2,Female,61674 Elm Drive,44.52,-122.81,$17003,$34671,$55643,786,6
870,63,64,1956,3,Female,1389 Park Lane,38.64,-76.9,$35114,$71593,$132181,821,3
944,58,71,1961,10,Male,3817 Martin Luther King Avenue,33.77,-118.34,$58517,$119308,$89328,789,6
889,27,65,1992,3,Male,900 Norfolk Avenue,39.61,-86.11,$25773,$52550,$140825,710,1
144,44,67,1975,3,Female,5380 12th Boulevard,34.5,-93.05,$15857,$32330,$97190,835,4
1269,56,56,1963,10,Male,336 Rose Avenue,41.83,-87.68,$25365,$36335,$28929,676,2
827,61,71,1958,4,Female,9189 Valley Street,43.1,-75.23,$15194,$30984,$39222,616,4
1074,62,65,1957,6,Female,1305 Spruce Boulevard,44.66,-103.85,$16097,$32819,$25393,826,5
1805,38,68,1981,5,Male,679 Bayview Lane,45.99,-84.36,$13053,$26613,$17008,718,2
480,50,68,1969,11,Male,749 Oak Street,37.91,-122.01,$42234,$86113,$177353,713,6
1641,30,69,1989,3,Male,3636 El Camino Avenue,39.09,-84.51,$25503,$51998,$73575,640,1
1052,61,61,1958,12,Male,363 Third Drive,37.99,-122.27,$25849,$28210,$22961,655,2
225,32,68,1987,3,Male,69080 Spruce Street,29.76,-95.38,$20055,$40887,$50734,688,4
331,34,68,1985,6,Male,30 Catherine Street,33.44,-79.56,$14669,$29907,$16764,732,2
221,63,65,1956,12,Female,560 Eighth Boulevard,37.7,-122.12,$21669,$44183,$89852,850,4
962,28,69,1992,1,Male,564 Catherine Lane,44.52,-87.98,$16801,$34262,$60506,846,2
1161,23,66,1996,12,Male,306 First Drive,28.68,-81.51,$24155,$49255,$6557,823,2
1175,93,69,1926,9,Male,748 Martin Luther King Street,40.84,-73.87,$12475,$10782,$346,770,7
1654,43,66,1976,4,Male,385 Pine Drive,41.47,-71.3,$24194,$49328,$6197,693,5
1638,79,64,1940,8,Female,6337 Spruce Street,44.67,-93.24,$34186,$57824,$31354,668,5
929,63,62,1956,4,Female,899 Grant Lane,40.15,-75.22,$44106,$56102,$59198,850,1
1156,56,69,1963,6,Female,9603 South Lane,40.74,-74.33,$137428,$280199,$91367,752,5
1663,24,59,1995,7,Male,276 12th Boulevard,41.83,-87.68,$0,$2370,$4397,581,1
1622,41,61,1979,1,Female,1063 Federal Boulevard,42.15,-71.13,$38878,$79271,$211919,759,1
275,43,58,1977,2,Female,973 River Street,29.56,-95.02,$37415,$76288,$120771,710,4
495,49,63,1970,8,Male,6427 Martin Luther King Drive,43.04,-76.14,$18649,$38028,$79101,831,4
1240,56,67,1963,5,Female,899 Maple Street,40.26,-81.84,$15603,$31814,$43140,693,3
879,54,66,1966,2,Male,938 Forest Street,25.92,-97.48,$11140,$22714,$27227,702,3
133,31,65,1988,10,Female,5295 Pine Street,33.95,-84.54,$30747,$62692,$50290,698,2
709,26,66,1993,9,Female,3114 East Street,42.92,-88.84,$21057,$42931,$48783,742,3
1591,58,66,1961,6,Female,2200 Third Drive,48.28,-122.62,$16537,$33717,$58236,698,6
1122,33,66,1986,11,Female,776 Bayview Avenue,40.84,-73.28,$34188,$69706,$97070,785,2
471,52,65,1967,9,Male,123 Ocean View Street,38.57,-121.17,$35137,$71645,$155006,629,3
366,50,68,1969,12,Female,773 12th Street,44.01,-88.55,$19573,$39911,$93823,625,7
638,65,65,1955,2,Female,674 Elm Boulevard,41.54,-96.13,$25102,$16889,$38489,679,5
845,58,72,1961,8,Male,860 Seventh Avenue,30.42,-86.61,$18005,$36710,$116794,786,5
963,24,70,1995,12,Female,8094 Catherine Lane,42.63,-71.32,$20458,$41714,$54541,687,3
536,21,62,1998,8,Male,894 Catherine Boulevard,42.93,-74.62,$15242,$31077,$89659,789,5
815,19,60,2000,6,Male,57285 Jefferson Avenue,33.61,-112.46,$23747,$48418,$73106,756,2
1545,20,63,1999,12,Male,1433 Rose Boulevard,33.73,-117.05,$15144,$30882,$60484,807,3
933,50,69,1969,5,Male,7037 Wessex Avenue,36.36,-96.03,$21234,$43290,$90238,690,4
484,84,64,1936,1,Female,4819 Martin Luther King Drive,42.7,-71.11,$41665,$66745,$682,718,3
1155,83,65,1936,8,Female,387 Third Boulevard,31.5,-111.06,$15462,$29494,$1196,689,5
500,21,67,1998,4,Female,4497 Summit Boulevard,36.5,-80.61,$15286,$31167,$29342,749,3
121,34,66,1985,11,Female,71858 Mountain View Street,44.21,-88.43,$22277,$45419,$124370,721,3
1436,21,55,1998,8,Female,729 Wessex Avenue,41.52,-87.42,$21992,$44842,$54189,500,4
567,25,69,1994,6,Male,9804 Third Street,35.74,-81.69,$16445,$33534,$76166,761,3
760,56,64,1964,2,Female,532 Sixth Drive,39.98,-82.98,$18420,$37558,$72514,778,3
1915,54,65,1965,6,Male,758 Sixth Boulevard,41.32,-74.18,$25534,$52062,$97881,775,4
744,58,67,1961,10,Female,927 Ocean View Drive,25.77,-80.2,$21923,$44699,$21685,842,5
1709,62,69,1957,3,Female,628 Third Avenue,40.46,-96.37,$17420,$35519,$111115,744,1
1868,24,69,1995,8,Male,39289 Essex Street,33.9,-117.61,$28049,$57187,$9756,714,2
1500,53,66,1967,1,Male,270 Plum Street,38.44,-121.3,$25949,$52904,$144534,680,4
1952,26,54,1993,7,Female,541 Federal Avenue,27.75,-82.64,$18100,$36909,$102869,821,1
717,23,65,1996,8,Female,361 Fourth Street,28.04,-81.96,$26325,$53675,$82373,659,5
714,61,67,1958,10,Female,72 Second Street,45.34,-122.66,$35992,$73383,$155191,760,2
674,63,66,1957,1,Female,13 Sixth Boulevard,32.73,-117.08,$13805,$28147,$25987,756,7
1538,82,62,1937,8,Male,58 River Avenue,40.71,-73.99,$16494,$23572,$216,590,2
1896,50,79,1969,9,Female,6695 River Lane,41.91,-83.38,$19736,$40246,$74352,641,5
1989,31,66,1988,12,Male,3487 Bayview Drive,38.81,-76.75,$33295,$67886,$7137,803,4
529,55,68,1964,8,Male,9604 West Boulevard,42.89,-70.87,$22448,$45767,$41791,721,4
384,20,68,1999,11,Male,76089 Grant Boulevard,42.58,-83.03,$19200,$39144,$55347,702,1
1254,61,65,1959,2,Female,576 Jefferson Boulevard,40.12,-88.64,$16978,$34619,$13326,747,5
1456,48,70,1971,8,Male,884 Tenth Drive,33.12,-89.05,$15316,$31231,$40499,681,3
1203,36,62,1984,2,Male,5867 East Street,43.42,-73.71,$20371,$41537,$128044,582,1
630,60,66,1959,7,Male,1583 Grant Avenue,30.33,-81.65,$19382,$39521,$61861,491,3
1491,41,68,1978,4,Female,40 River Boulevard,32.25,-111.08,$22662,$46209,$56034,710,4
1925,25,63,1994,11,Male,225 Seventh Avenue,45.11,-93.39,$29872,$60910,$110864,679,2
22,56,66,1963,3,Male,5651 North Boulevard,38.99,-76.88,$26467,$53966,$135478,747,1
1534,36,65,1983,7,Male,1531 North Lane,39.9,-74.99,$39626,$80794,$3867,803,2
1139,24,68,1995,4,Female,418 Elm Street,32.88,-84.67,$15433,$31469,$53555,645,1
647,31,72,1988,7,Female,27 Birch Avenue,36.52,-119.39,$13194,$26900,$74083,758,2
772,62,65,1957,10,Female,24684 Ocean View Boulevard,45.47,-122.37,$22599,$46075,$139335,741,3
1130,50,65,1970,1,Female,801 Mountain View Street,47.3,-122.31,$21756,$44355,$44779,680,3
440,43,50,1976,11,Female,689 Valley Stream Lane,42.67,-70.98,$52066,$106159,$144773,703,5
25,22,64,1997,3,Female,814 Washington Street,33.36,-111.93,$24122,$49190,$122458,630,1
385,79,65,1941,2,Male,9983 Park Drive,32.23,-80.86,$21679,$30434,$23883,740,7
1457,20,66,1999,6,Male,11162 Oak Drive,41.57,-93.61,$22425,$45725,$102164,688,4
19,82,68,1937,5,Female,6577 Catherine Lane,34.41,-119.7,$23071,$34903,$1336,630,1
710,60,68,1959,9,Female,29 12th Avenue,42.12,-89.25,$25698,$52397,$72810,729,3
1677,51,67,1969,2,Male,849 Littlewood Drive,33.57,-101.87,$16272,$33178,$92366,671,2
470,56,65,1964,2,Male,281 Martin Luther King Avenue,35.14,-96.49,$14004,$28553,$94214,747,3
1886,26,66,1993,12,Male,6693 George Drive,47.44,-122.28,$20233,$41255,$85439,683,2
682,58,62,1961,10,Male,2130 Valley Stream Lane,40.69,-111.99,$17276,$35229,$60945,724,2
687,20,66,1999,11,Male,1693 Spruce Street,42.24,-84.4,$17783,$36264,$99582,725,1
66,20,71,1999,6,Female,69 Norfolk Avenue,41.23,-80.81,$15361,$31314,$40331,721,4
796,25,70,1994,5,Female,8199 Norfolk Avenue,39.42,-76.29,$21177,$43178,$74257,746,3
516,35,66,1984,10,Male,34 Summit Drive,32.61,-117.03,$16942,$34542,$35474,697,4
1452,46,59,1973,5,Female,524 Ocean Drive,29.76,-95.38,$95039,$193773,$241571,660,1
1907,37,66,1982,5,Female,4189 Birch Street,22.21,-159.41,$16898,$34457,$48966,666,2
77,99,67,1920,10,Female,596 Ninth Street,40.24,-76.92,$25336,$51110,$3781,709,8
928,59,66,1960,12,Female,26 Martin Luther King Drive,29.76,-95.38,$15862,$32347,$82667,784,7
360,43,67,1976,4,Male,881 Plum Street,39.22,-74.8,$22697,$46278,$51243,791,4
936,18,67,2001,6,Female,255 Bayview Street,35.15,-119.06,$20460,$41717,$27174,718,5
1346,53,65,1966,3,Female,696 Oak Boulevard,36.81,-119.75,$17985,$36672,$99454,655,2
1906,18,71,2001,10,Male,3699 Lafayette Avenue,41.26,-96.01,$14199,$28950,$61297,609,1
807,52,71,1967,8,Female,869 Little Creek Lane,42.77,-86.1,$18877,$38487,$49725,691,3
106,52,60,1967,10,Male,146 Plum Avenue,39.77,-86.14,$14691,$29957,$60321,624,5
286,38,69,1981,10,Male,4232 Grant Drive,31.15,-88.55,$18746,$38223,$30756,725,4
1166,44,66,1975,5,Female,8659 El Camino Street,39.39,-84.56,$19569,$39898,$43630,682,3
204,31,67,1988,9,Female,775 Lexington Boulevard,30.64,-97.68,$20968,$42754,$60172,656,1
1453,37,73,1982,11,Female,4830 Ocean Drive,33.73,-87.28,$17716,$36122,$51593,641,2
1775,26,67,1993,8,Male,2484 Norfolk Drive,38.91,-75.43,$18622,$37968,$55982,788,3
1098,50,71,1969,3,Male,772 Fifth Boulevard,42.67,-95.3,$16901,$34456,$54634,752,4
391,85,66,1934,7,Female,31 Hill Boulevard,33.69,-78.89,$19025,$35270,$1769,731,6
1691,23,61,1996,11,Female,5459 El Camino Avenue,35.12,-81.51,$14443,$29450,$36002,692,1
296,48,71,1971,3,Male,9570 North Drive,40.81,-74.1,$37170,$75785,$117920,814,3
1487,59,69,1961,2,Female,4793 North Street,40.69,-80.01,$39464,$80464,$76261,727,3
365,55,70,1964,9,Female,1392 Plum Avenue,40.64,-73.94,$18719,$38165,$45891,719,1
45,61,67,1959,1,Female,9473 Mill Street,40.86,-74.15,$31281,$63781,$111808,654,1
874,24,68,1995,3,Male,4973 Martin Luther King Lane,39.38,-119.67,$30757,$62711,$68777,798,3
642,35,62,1984,5,Female,96 Ninth Drive,33.11,-94.16,$16746,$34143,$49839,648,4
1690,18,67,2001,3,Female,356 Plum Boulevard,32.93,-94.7,$15832,$32281,$80882,630,2
1014,54,70,1965,9,Female,393 Mountain View Lane,33.6,-117.82,$96516,$196784,$437533,729,3
959,35,67,1984,11,Female,5223 Lafayette Drive,40.22,-74.93,$50208,$102369,$189558,738,2
1308,36,67,1984,2,Female,28 Lexington Drive,47.36,-122.1,$28919,$58964,$71890,619,1
1075,36,67,1983,12,Female,5695 Fifth Street,38.22,-85.74,$25258,$51500,$102286,672,3
856,54,59,1965,7,Male,275 Tenth Street,38.98,-77.12,$56069,$114318,$328089,748,3
656,61,64,1958,5,Female,98 Ninth Street,35.06,-85.09,$25814,$52633,$137109,704,1
27,78,63,1941,8,Female,3553 Mountain View Drive,32.28,-90.0,$22304,$23821,$22427,613,8
1889,66,67,1953,7,Male,23 El Camino Street,27.97,-82.76,$23528,$47972,$0,748,5
829,29,70,1990,3,Female,587 East Lane,35.36,-79.13,$17854,$36404,$11745,726,3
1104,91,66,1928,3,Male,120 Lafayette Boulevard,26.23,-80.13,$18266,$40141,$805,850,6
1037,38,67,1981,9,Male,889 Forest Lane,29.67,-82.33,$24992,$50957,$73187,653,2
887,55,66,1964,4,Male,3999 West Lane,42.25,-71.9,$26137,$53287,$51026,816,4
317,67,65,1952,3,Female,816 El Camino Drive,39.74,-121.6,$15436,$19199,$15091,715,3
591,50,60,1969,11,Male,320 Second Street,34.97,-89.99,$18861,$38458,$65836,696,3
240,50,68,1970,2,Male,280 Lake Avenue,36.21,-83.29,$17104,$34868,$51984,745,3
220,33,67,1986,11,Female,3550 Sixth Boulevard,38.1,-122.63,$30335,$61846,$12525,722,4
798,50,68,1969,9,Female,9982 Summit Boulevard,33.57,-117.14,$24069,$49076,$56547,715,4
1509,67,71,1952,8,Female,1429 Summit Drive,39.38,-76.55,$23096,$47087,$92489,820,5
1550,18,67,2001,4,Male,6445 Ninth Lane,47.85,-122.28,$24564,$50086,$51164,776,3
151,18,65,2002,2,Female,303 Lexington Drive,26.23,-80.13,$27916,$56921,$115330,823,1
1637,32,66,1988,2,Female,8445 11th Lane,34.99,-80.86,$26878,$54804,$172493,687,2
1143,20,61,2000,2,Female,72 Lexington Avenue,40.55,-74.28,$30587,$62365,$137710,606,1
669,38,62,1981,9,Female,2182 Martin Luther King Street,44.69,-73.45,$20177,$41141,$71060,683,2
1366,25,63,1994,9,Female,212 Lincoln Lane,30.33,-81.65,$19617,$40000,$127951,767,3
1610,42,66,1978,1,Female,12150 Mill Boulevard,32.32,-90.2,$13717,$27967,$50159,690,2
1304,24,70,1995,8,Female,229 River Avenue,40.99,-74.34,$44540,$90812,$175569,850,3
1821,21,68,1998,9,Male,740 Burns Lane,38.27,-104.62,$21394,$43617,$16661,803,3
857,90,62,1929,10,Male,3019 Elm Drive,39.46,-74.99,$17685,$41831,$1100,615,1
727,44,68,1975,5,Male,310 Bayview Boulevard,38.63,-90.24,$19874,$40522,$81572,801,5
981,44,68,1975,11,Male,4169 Fourth Lane,34.23,-119.07,$27544,$56163,$104767,671,1
873,52,68,1967,8,Female,65 Fifth Boulevard,28.24,-81.28,$22086,$45037,$31792,710,3
1298,32,70,1987,12,Female,3535 West Drive,34.01,-118.2,$12557,$25603,$26348,729,2
1838,18,68,2001,12,Female,753 East Avenue,35.05,-78.87,$19520,$39803,$53607,695,1
985,32,65,1987,6,Male,7276 Fourth Drive,42.8,-83.71,$25334,$51654,$95454,600,4
1091,32,66,1987,5,Female,52292 East Street,39.3,-76.61,$26431,$53890,$252106,656,4
625,19,66,2000,12,Female,4135 Valley Stream Lane,36.33,-82.36,$23224,$47350,$47026,680,1
193,23,65,1996,7,Female,4343 Mountain View Boulevard,44.48,-103.84,$18583,$37891,$66163,749,1
1743,18,75,2002,1,Female,76 Federal Avenue,39.19,-96.59,$25658,$52315,$109513,774,4
1178,59,68,1960,11,Female,2475 Little Creek Boulevard,30.56,-97.86,$25872,$52754,$38191,693,5
269,21,69,1998,5,Female,537 Fourth Lane,39.65,-82.74,$19000,$38739,$0,689,3
728,30,67,1989,7,Female,385 Grant Street,39.08,-94.35,$16224,$33076,$50117,721,3
1694,83,65,1936,3,Female,480 Catherine Drive,41.09,-73.55,$37213,$74753,$1585,726,5
925,31,68,1988,3,Male,4165 Valley Avenue,38.76,-89.97,$28710,$58538,$93153,610,1
606,48,67,1971,12,Male,1773 Hill Street,39.4,-88.8,$16300,$33236,$57549,747,1
739,38,64,1981,7,Female,6022 Mill Street,29.76,-95.38,$33925,$69171,$102537,622,1
860,55,65,1965,2,Male,7035 River Boulevard,39.01,-77.02,$30794,$62791,$193215,692,4
1891,47,66,1973,2,Female,96 Jefferson Street,29.19,-81.05,$16733,$34112,$39842,725,4
1745,20,65,2000,2,Female,8643 Lafayette Boulevard,33.94,-83.99,$24252,$49449,$30723,728,3
1043,21,61,1998,9,Female,95 Burns Drive,42.37,-71.11,$47637,$97127,$210206,660,2
1935,23,65,1997,2,Female,98 Mountain View Drive,30.21,-92.02,$22001,$44862,$78350,750,3
1716,18,65,2001,4,Female,1692 Hillside Avenue,32.21,-98.67,$12583,$25654,$55761,746,1
429,22,68,1997,11,Male,8145 Spruce Boulevard,35.19,-80.83,$26481,$53995,$89056,683,3
580,35,65,1984,5,Male,5094 Lafayette Boulevard,40.55,-84.57,$18077,$36857,$3112,768,3
327,44,67,1975,7,Male,7485 Seventh Street,44.41,-71.97,$18069,$36843,$52248,772,5
1596,42,69,1977,3,Male,188 Washington Avenue,34.28,-118.44,$15583,$31772,$17286,734,4
344,18,63,2002,1,Male,7193 George Boulevard,34.22,-118.59,$24074,$49084,$106863,577,3
1022,47,64,1972,12,Female,27 Summit Street,34.98,-80.54,$17595,$35876,$50190,635,3
903,25,67,1994,8,Male,2484 Essex Avenue,41.38,-72.85,$29231,$59599,$79126,717,5
947,63,71,1956,9,Male,4117 Fifth Avenue,40.64,-73.94,$16985,$34637,$12623,710,4
395,39,72,1981,2,Male,1105 Wessex Avenue,32.69,-97.12,$24331,$49611,$110543,739,4
1874,49,66,1970,9,Male,7505 Tenth Boulevard,25.77,-80.2,$18828,$38390,$87923,783,4
190,40,67,1979,4,Male,5468 Little Creek Drive,42.03,-87.73,$21801,$44452,$12409,711,5
1085,27,66,1992,6,Female,563 Jefferson Boulevard,32.97,-117.02,$36390,$74198,$16084,838,3
1902,36,68,1984,2,Female,4350 Valley Boulevard,39.74,-81.51,$15950,$32522,$28260,769,2
701,28,59,1991,12,Female,7087 Plum Street,27.75,-82.64,$26476,$53984,$76118,701,1
665,81,65,1939,1,Female,374 Lexington Street,41.23,-80.81,$12406,$11613,$427,790,8
1334,38,65,1981,4,Female,17 Tenth Avenue,43.0,-78.87,$19433,$39627,$47793,718,4
1713,18,68,2001,11,Female,3395 Spruce Drive,39.1,-94.62,$16795,$34242,$0,837,1
1431,56,61,1963,3,Female,6134 Littlewood Lane,30.38,-89.06,$19327,$39409,$52076,599,1
1471,31,76,1988,11,Male,7948 Martin Luther King Avenue,35.1,-90.0,$10730,$21876,$20169,786,2
895,46,70,1973,8,Female,9503 South Street,34.23,-116.86,$15515,$31632,$76538,832,3
969,24,70,1996,2,Female,18360 Valley Avenue,33.81,-117.79,$28884,$58893,$113715,666,3
1382,58,65,1961,7,Male,16 Eighth Lane,32.79,-96.76,$12693,$25883,$44404,706,4
1973,58,65,1962,1,Female,501 Grant Lane,34.87,-85.5,$15950,$32520,$29433,731,4
540,25,69,1994,9,Female,76009 Valley Stream Boulevard,42.37,-87.86,$15770,$32160,$62803,634,1
1241,40,69,1979,3,Female,159 Plum Avenue,40.43,-84.38,$24227,$49396,$39549,814,3
821,73,60,1946,7,Male,833 Elm Lane,29.76,-95.38,$12434,$18015,$10463,645,2
370,61,58,1958,11,Male,381 Fifth Lane,34.07,-117.62,$16113,$41904,$12545,655,4
1880,61,66,1958,11,Male,8001 Essex Boulevard,43.06,-87.96,$15487,$31579,$52419,771,3
1160,27,65,1992,4,Male,238 Eighth Avenue,41.8,-80.06,$16965,$34591,$65770,688,2
607,25,64,1994,8,Male,55 Third Drive,41.92,-87.81,$20902,$42617,$67590,771,5
1795,25,66,1994,10,Female,79 Hill Avenue,45.25,-93.33,$29580,$60310,$91017,647,6
1965,24,65,1996,1,Male,34 Oak Boulevard,43.9,-123.02,$18364,$37443,$0,745,1
654,47,69,1972,7,Female,646 South Lane,39.14,-81.78,$16618,$33883,$50616,524,1
1443,47,69,1972,7,Male,318 Ninth Lane,21.44,-158.18,$17175,$35016,$54455,732,3
1971,48,66,1971,9,Male,829 Grant Boulevard,43.45,-76.5,$20447,$41690,$69869,763,2
1784,51,68,1969,1,Male,6310 El Camino Drive,38.96,-90.18,$21680,$44206,$62813,690,1
520,45,66,1974,4,Male,3346 Hillside Street,40.26,-75.74,$28278,$57658,$74288,766,5
376,50,74,1969,4,Female,818 12th Lane,39.8,-74.62,$28433,$57975,$34570,773,4
299,40,61,1979,7,Male,196 Plum Lane,40.84,-73.87,$13845,$28229,$55675,622,5
1855,67,66,1952,3,Male,1 Burns Lane,37.3,-121.8,$25115,$31287,$25844,728,4
737,61,60,1958,3,Female,8301 Tenth Drive,42.33,-122.79,$18961,$30359,$16552,758,2
1238,31,72,1988,7,Female,95410 Pine Boulevard,38.87,-77.1,$47408,$96661,$73401,721,2
661,64,67,1956,1,Male,894 Ocean Avenue,40.68,-75.22,$21005,$42831,$59948,566,3
1439,28,65,1991,11,Female,5663 Martin Luther King Boulevard,36.19,-82.95,$14406,$29371,$32300,715,2
750,61,68,1959,1,Female,475 Oak Boulevard,35.19,-80.83,$14793,$30165,$36972,694,2
445,42,59,1977,12,Female,9864 Fifth Lane,43.88,-85.8,$6201,$12643,$19299,645,1
621,51,63,1968,3,Male,2227 Federal Lane,29.19,-81.05,$13425,$27372,$54474,612,1
1894,21,70,1999,1,Female,6595 Summit Boulevard,41.51,-93.48,$23347,$47602,$89319,790,2
1552,62,67,1957,6,Male,896 Madison Boulevard,43.65,-116.43,$22290,$45450,$85218,686,3
174,23,69,1996,4,Female,4822 Jefferson Avenue,38.35,-81.63,$21899,$44644,$83108,716,3
1763,49,66,1970,6,Male,6593 North Avenue,44.96,-93.26,$18660,$38039,$27179,717,3
549,51,65,1968,4,Male,774 Wessex Lane,33.3,-111.74,$30557,$62304,$113416,719,4
557,59,54,1960,9,Male,350 Jefferson Boulevard,33.97,-118.35,$18476,$28245,$13411,669,1
901,48,66,1971,9,Male,96 11th Street,30.44,-87.18,$17987,$36671,$39882,850,3
1771,41,66,1978,12,Male,7662 Mountain View Boulevard,38.76,-121.28,$25476,$51943,$61722,794,3
1858,73,64,1946,12,Male,6781 Spruce Boulevard,34.25,-118.41,$14317,$26481,$10392,705,1
441,41,64,1978,6,Female,608 Washington Drive,33.65,-84.86,$22613,$46108,$64994,635,1
1172,50,64,1970,2,Male,5154 Sixth Avenue,38.02,-121.3,$14709,$29994,$100834,769,1
1438,26,64,1994,1,Female,4631 Plum Avenue,41.47,-81.67,$14737,$30049,$80474,700,1
142,59,68,1960,11,Female,723 Fourth Drive,41.9,-72.08,$25399,$51788,$77642,675,2
766,44,63,1975,8,Female,66 Plum Avenue,28.23,-82.17,$15187,$30967,$61201,685,3
937,47,63,1973,1,Female,430 Sixth Avenue,41.01,-73.84,$46169,$94133,$189899,603,1
246,50,70,1969,9,Female,671 West Drive,44.96,-93.26,$40364,$82298,$0,791,4
1601,26,65,1993,5,Female,388 Third Street,41.31,-73.84,$33263,$67820,$86177,628,2
1897,38,67,1981,3,Male,683 Washington Street,40.87,-73.4,$51032,$104049,$247623,741,2
1080,56,63,1963,11,Female,4581 Eighth Boulevard,32.19,-83.17,$14425,$29413,$46043,703,2
249,42,69,1977,9,Female,6777 First Drive,34.1,-117.38,$14632,$29835,$46702,618,7
1004,59,66,1960,5,Male,868 Maple Drive,37.2,-87.17,$16847,$34350,$61639,705,3
1171,90,67,1929,12,Male,73 Summit Street,21.4,-157.73,$26370,$39214,$0,781,5
94,59,72,1961,1,Female,704 Summit Drive,35.71,-81.15,$18029,$36760,$95755,593,2
541,51,70,1968,7,Female,2699 Littlewood Avenue,35.63,-95.95,$14293,$29144,$35268,645,1
450,39,66,1980,9,Male,253 Lexington Avenue,37.07,-76.51,$21186,$43192,$33517,739,3
1082,34,67,1985,10,Female,316 Valley Stream Avenue,37.23,-119.49,$16643,$33934,$42945,622,3
1505,29,69,1990,11,Male,556 Fourth Street,38.04,-97.34,$18479,$37677,$66737,685,2
1107,71,69,1949,1,Female,836 Summit Boulevard,42.23,-76.34,$18323,$40516,$6908,698,5
1460,24,65,1995,7,Female,7454 12th Lane,42.52,-87.88,$30288,$61760,$163824,590,2
1271,34,66,1985,10,Male,539 Maple Drive,36.11,-80.07,$23738,$48398,$138998,642,3
485,39,64,1980,10,Male,6889 Summit Lane,35.48,-120.92,$18740,$38211,$84427,665,2
1919,83,59,1936,11,Male,7994 Maple Lane,40.95,-72.19,$37846,$80493,$2027,610,5
1371,86,65,1933,6,Female,143 Catherine Boulevard,21.41,-157.79,$24516,$49529,$1385,689,6
660,31,68,1988,9,Female,256 Jefferson Street,37.55,-77.46,$21602,$44041,$109159,680,2
1442,41,58,1979,1,Male,1036 Spruce Street,43.01,-114.7,$14925,$30432,$101847,624,1
1201,60,66,1959,11,Male,175 Valley Drive,42.36,-71.36,$56632,$115465,$195657,715,4
1566,44,64,1976,1,Male,48 Fourth Avenue,38.69,-121.31,$19726,$40220,$106171,718,3
764,77,68,1943,1,Female,6864 Norfolk Boulevard,32.61,-83.63,$20835,$31066,$20902,712,4
1968,25,69,1994,11,Female,611 Elm Lane,40.94,-73.86,$31299,$63816,$100128,775,1
165,34,65,1986,2,Male,95266 Bayview Drive,37.83,-122.22,$52813,$107683,$225017,694,3
986,32,70,1987,7,Male,6577 Lexington Lane,40.65,-73.58,$23550,$48010,$87837,703,3
194,52,68,1968,2,Male,531 Pine Avenue,40.34,-85.35,$15048,$30681,$81680,746,4
276,25,70,1995,1,Male,9892 George Drive,27.53,-99.48,$10626,$21666,$38058,610,2
264,49,67,1970,8,Male,468 Park Lane,40.23,-77.02,$21728,$44303,$53407,696,1
226,30,68,1989,8,Male,4262 Madison Drive,42.62,-70.86,$45596,$92960,$64167,724,3
1901,63,69,1956,3,Female,292 First Avenue,43.69,-84.76,$16542,$33728,$107287,730,3
1088,49,65,1970,11,Female,8893 Littlewood Lane,32.78,-79.99,$17158,$34982,$134631,765,3
1406,36,68,1983,7,Male,57 Pine Boulevard,36.12,-95.91,$11633,$23718,$1386,712,2
1252,23,70,1996,7,Female,473 El Camino Street,33.86,-118.33,$25900,$52815,$77064,658,2
1520,67,65,1952,10,Male,8787 Rose Avenue,37.72,-122.44,$22549,$47213,$1082,789,5
488,34,69,1985,6,Male,927 River Street,27.92,-97.29,$15758,$32126,$54351,745,2
371,82,63,1937,3,Male,19176 Grant Drive,37.55,-77.46,$43827,$92368,$2689,719,4
6,19,63,2000,6,Female,534 Second Lane,32.88,-117.13,$27394,$55854,$111042,782,1
1632,20,70,1999,8,Female,885 Bayview Lane,46.87,-96.81,$22214,$45292,$88917,660,4
483,49,68,1971,2,Female,253 West Drive,48.53,-122.31,$19604,$39969,$68456,713,3
58,38,66,1981,4,Female,6561 George Avenue,38.81,-90.96,$25756,$52512,$95640,706,2
36,31,63,1988,6,Male,8486 Catherine Street,37.23,-80.42,$24640,$50242,$84457,722,2
1100,61,73,1958,7,Male,9888 Washington Boulevard,40.72,-73.51,$29337,$59815,$73325,573,2
1418,25,69,1994,5,Female,309 River Avenue,44.13,-89.52,$13210,$26939,$69587,752,1
1657,35,68,1984,9,Male,600 River Lane,33.87,-118.21,$12849,$26201,$42551,655,1
941,56,72,1963,6,Female,3248 Hill Drive,43.34,-73.67,$22273,$45416,$82611,713,1
192,27,66,1992,6,Male,888 Fifth Lane,38.65,-121.25,$27548,$56164,$15224,761,2
911,18,68,2001,11,Male,69524 Valley Lane,37.33,-88.07,$14500,$29562,$31509,757,1
1299,40,70,1979,11,Female,2578 Park Boulevard,39.29,-85.76,$18295,$37299,$31923,723,2
1312,31,66,1988,4,Female,5190 Grant Street,37.3,-121.8,$25115,$51209,$76900,765,1
1991,21,65,1998,10,Male,979 Fifth Avenue,39.98,-82.98,$11243,$22922,$9004,694,1
1970,18,66,2001,6,Male,876 Main Avenue,42.32,-72.67,$25442,$51873,$70144,731,2
1576,88,65,1932,1,Female,2947 Lake Lane,42.66,-83.38,$24578,$36764,$839,712,8
865,41,65,1979,2,Male,9684 Grant Drive,38.06,-78.9,$18531,$37786,$107692,693,5
1005,21,67,1998,11,Male,78596 Birch Drive,29.76,-95.38,$19364,$39485,$144101,685,1
503,47,61,1973,2,Female,54 Valley Lane,41.83,-87.68,$14497,$29564,$54279,694,2
24,48,64,1971,11,Female,55378 Burns Avenue,42.27,-89.06,$18906,$38554,$47186,708,1
1266,35,54,1984,9,Female,239 South Drive,39.51,-76.17,$22590,$46063,$106528,618,1
572,29,67,1991,1,Male,202 Washington Drive,29.95,-91.2,$23208,$47317,$42433,680,2
768,53,67,1966,10,Female,709 River Lane,40.13,-75.06,$34043,$69412,$177225,620,1
1611,68,58,1952,1,Female,44 Ocean Avenue,33.87,-78.63,$13907,$20334,$9544,684,2
1292,20,68,1999,4,Male,176 River Boulevard,35.7,-89.99,$14249,$29051,$5819,774,2
255,18,57,2001,8,Female,8026 East Drive,29.79,-95.82,$21214,$43253,$56323,718,1
718,48,63,1971,8,Male,7944 Hill Lane,41.64,-85.41,$14263,$29081,$56301,655,3
1428,35,62,1984,11,Female,800 Ninth Boulevard,37.67,-92.66,$13963,$28472,$42750,508,1
534,27,74,1993,2,Female,31919 Summit Boulevard,41.72,-93.6,$29680,$60510,$23196,790,3
93,33,69,1986,8,Female,850 Birch Avenue,35.75,-87.79,$14073,$28696,$52910,686,4
1147,80,69,1939,3,Male,614 Spruce Avenue,40.6,-74.76,$46827,$104692,$6955,704,2
1648,66,69,1953,5,Female,211 Valley Street,40.76,-74.59,$91180,$185909,$461854,621,5
1628,56,59,1964,2,Male,438 Seventh Avenue,39.77,-86.14,$31114,$63439,$199706,786,2
896,27,65,1993,2,Female,327 Seventh Boulevard,38.04,-84.45,$18278,$37268,$50388,626,1
1101,25,70,1994,12,Female,142 Rose Drive,42.11,-72.53,$14155,$28862,$20944,751,2
1065,41,69,1978,8,Female,6157 Washington Drive,33.45,-117.66,$27622,$56320,$84614,792,3
641,62,68,1957,11,Male,878 Forest Street,39.98,-82.98,$18420,$37556,$0,735,6
1644,83,65,1937,1,Male,637 Seventh Street,34.66,-83.09,$15406,$31943,$1248,686,6
1297,58,67,1961,11,Male,669 Wessex Lane,34.99,-92.63,$18817,$38371,$50530,703,3
303,94,66,1926,1,Male,93 Lafayette Boulevard,40.48,-104.9,$27185,$60080,$1807,690,6
1668,92,67,1927,6,Male,619 North Avenue,42.91,-71.12,$26541,$56099,$933,751,6
152,37,68,1982,3,Female,49 Tenth Street,33.72,-84.32,$24196,$49335,$51520,773,3
644,58,65,1961,3,Female,511 Grant Avenue,34.42,-84.11,$20581,$41963,$53857,741,1
1200,64,64,1956,2,Male,106 Littlewood Drive,29.76,-95.38,$15401,$24420,$14460,685,1
222,48,70,1971,7,Female,9243 Oak Street,33.76,-84.33,$45818,$93417,$115916,714,3
808,38,66,1981,11,Female,1583 Grant Lane,40.78,-73.24,$17679,$36045,$0,683,3
1069,54,69,1965,9,Male,3683 Fifth Street,35.3,-81.03,$22487,$45852,$114746,615,2
453,26,67,1994,2,Female,682 Martin Luther King Avenue,32.79,-96.76,$63159,$128775,$232506,655,1
116,31,68,1988,8,Male,168 Sussex Boulevard,42.95,-77.59,$32973,$67230,$45269,685,2
1769,75,65,1944,7,Male,177 Mill Boulevard,39.69,-74.25,$21861,$46031,$8332,661,5
143,22,68,1997,6,Female,5138 Park Drive,41.55,-87.66,$25689,$52379,$107734,771,3
455,41,69,1979,1,Female,8676 River Avenue,40.66,-73.73,$24412,$49776,$17352,684,3
1056,24,65,1995,3,Female,215 Elm Lane,34.28,-119.22,$25524,$52036,$26232,703,3
742,69,67,1950,12,Female,829 Mill Boulevard,38.74,-77.48,$24016,$50753,$20226,698,4
179,33,67,1986,5,Female,906 Little Creek Drive,34.98,-80.54,$19605,$39974,$64403,652,2
1076,61,66,1958,8,Female,3987 11th Drive,35.05,-78.87,$18316,$37342,$48611,779,5
167,26,72,1994,1,Female,189 Washington Street,35.88,-80.01,$18657,$38036,$0,743,3
272,30,67,1989,8,Female,387 Plum Avenue,39.79,-75.14,$26193,$53407,$125586,767,3
1021,21,67,1998,11,Female,218 East Street,34.14,-117.85,$31699,$64630,$92847,751,2
1193,90,75,1929,11,Female,6245 River Lane,41.69,-73.92,$27934,$51717,$418,717,5
1728,47,63,1972,10,Female,2614 Eighth Lane,44.35,-89.07,$18937,$38615,$74337,601,4
280,40,66,1979,10,Female,3539 Lincoln Boulevard,37.92,-122.34,$21869,$44585,$81825,684,5
1791,61,67,1958,11,Male,4975 Madison Boulevard,39.77,-86.14,$16045,$32716,$46919,593,3
1437,77,65,1942,4,Female,456 Birch Lane,47.43,-122.92,$19640,$44807,$13730,751,4
1739,49,62,1970,8,Male,344 Birch Street,42.01,-95.34,$16673,$33995,$46102,531,1
1651,33,66,1986,3,Male,632 Pine Drive,35.15,-89.75,$27474,$56018,$100163,739,2
818,54,66,1965,3,Female,2571 Plum Avenue,27.98,-80.66,$15318,$31240,$26005,770,5
266,19,65,2000,3,Female,39 Park Lane,34.02,-118.15,$13485,$27494,$26097,724,1
206,28,59,1992,2,Female,4633 Sixth Avenue,42.89,-85.72,$18431,$37583,$51633,782,2
990,91,67,1929,1,Female,365 Mountain View Boulevard,30.09,-90.99,$16474,$27150,$2007,737,1
1251,29,67,1990,10,Female,645 Tenth Boulevard,32.84,-116.88,$20673,$42150,$39663,750,3
1190,49,65,1970,8,Female,4480 Essex Drive,33.0,-80.17,$21769,$44383,$42369,707,7
1760,35,66,1984,11,Female,610 Lake Drive,39.16,-89.48,$17696,$36081,$118151,682,2
1799,32,55,1987,4,Male,3249 12th Drive,47.75,-122.04,$51751,$105515,$192458,646,4
531,18,68,2001,12,Male,6294 Essex Drive,37.18,-113.6,$14470,$29497,$66044,722,3
1138,51,64,1968,3,Female,5334 11th Avenue,33.68,-86.39,$20542,$41886,$107734,768,3
1281,92,61,1927,12,Female,34 Bayview Drive,34.1,-117.38,$14632,$26546,$2480,689,6
1194,49,70,1970,3,Male,2248 Third Avenue,35.06,-85.25,$18658,$38041,$27813,782,4
1929,29,64,1990,8,Male,1734 George Drive,37.72,-122.41,$20536,$41873,$76725,717,1
1726,67,65,1952,10,Female,3667 Washington Avenue,27.75,-82.64,$34974,$23533,$23132,687,1
401,81,71,1938,9,Male,84497 Valley Stream Drive,34.2,-118.39,$15239,$28644,$879,806,7
801,82,69,1938,2,Female,2303 12th Lane,32.73,-101.95,$14989,$23175,$1626,723,5
994,85,67,1934,10,Female,577 12th Lane,40.09,-74.21,$13006,$9795,$396,771,7
1842,45,64,1974,10,Male,41307 Main Lane,35.11,-106.62,$15385,$31373,$58481,637,2
59,85,69,1934,8,Female,726 Oak Avenue,32.78,-108.26,$16654,$25066,$424,695,7
1589,39,70,1981,1,Female,6301 Hillside Avenue,34.02,-118.15,$13485,$27494,$44258,702,3
498,20,61,1999,6,Male,53 Elm Street,20.88,-156.5,$22844,$46580,$91081,660,2
307,18,69,2001,8,Male,2846 Lake Avenue,30.23,-92.81,$18082,$36866,$0,680,2
1844,79,72,1941,2,Male,829 Birch Boulevard,27.8,-97.39,$23608,$37503,$14272,706,5
1476,29,66,1990,3,Female,685 Jefferson Avenue,40.71,-74.06,$21916,$44688,$88092,716,3
1920,64,66,1955,7,Male,3315 Lake Lane,46.04,-95.29,$15325,$31244,$51924,713,4
792,28,65,1992,1,Female,5863 Grant Avenue,38.71,-95.08,$22158,$45180,$13168,698,2
341,50,66,1969,10,Male,517 Eighth Drive,40.87,-73.4,$51032,$104045,$0,734,3
816,56,65,1964,2,Male,8943 11th Drive,36.56,-82.19,$17795,$36285,$67244,759,5
524,57,62,1962,3,Male,252 Eighth Lane,38.37,-81.81,$17282,$35239,$43270,726,1
789,43,60,1976,11,Female,429 Grant Boulevard,39.59,-75.17,$24417,$49788,$83932,690,3
1337,26,66,1993,9,Male,9249 Third Lane,27.27,-80.35,$18946,$38634,$42099,800,2
61,44,65,1976,2,Female,4121 Mountain View Boulevard,41.05,-73.74,$45812,$93406,$151935,801,3
745,18,72,2001,12,Male,293 First Boulevard,34.06,-117.17,$23820,$48561,$0,752,1
776,55,73,1964,12,Male,905 West Avenue,35.1,-90.0,$47798,$97455,$219213,616,2
1863,44,61,1975,12,Female,25 Hill Drive,42.29,-85.22,$21639,$44124,$107162,850,1
49,38,74,1981,6,Male,190 Burns Avenue,40.81,-81.93,$18962,$38663,$59053,686,3
212,52,67,1968,2,Male,142 First Drive,32.79,-96.76,$13799,$28137,$88482,797,6
291,64,66,1956,1,Female,682 Federal Lane,34.76,-84.97,$19818,$40407,$62695,793,3
1048,59,63,1960,12,Female,265 Ocean Drive,29.79,-95.82,$26422,$53878,$78143,779,4
1996,46,66,1973,6,Female,7853 Grant Street,29.43,-95.24,$21956,$44768,$59862,728,3
1620,21,68,1998,6,Male,2537 Forest Boulevard,32.33,-96.62,$18112,$36924,$71952,701,3
693,20,66,1999,8,Female,5342 Valley Stream Avenue,33.09,-96.88,$31905,$65051,$220951,703,2
1276,82,66,1937,6,Female,7236 South Boulevard,41.83,-87.68,$25365,$41793,$1141,730,5
1001,20,62,1999,10,Male,6223 Maple Lane,36.56,-82.19,$17795,$36283,$60989,716,1
1290,53,68,1966,6,Male,6223 Lexington Drive,33.1,-96.66,$32580,$66428,$197102,669,2
653,19,65,2001,2,Female,939 Lake Drive,41.64,-71.0,$25308,$51601,$79143,745,1
506,56,68,1964,1,Male,2742 El Camino Boulevard,42.71,-78.93,$25916,$52841,$36288,733,5
1535,59,64,1960,8,Male,8 Pine Street,38.87,-82.99,$16336,$33311,$65822,590,2
1881,67,67,1952,9,Male,159 Mill Street,42.05,-83.38,$22321,$56542,$9097,733,6
1118,25,70,1994,8,Female,166 Littlewood Lane,34.06,-118.35,$40761,$83104,$222502,714,5
939,80,59,1939,10,Female,4259 East Lane,40.04,-76.3,$19945,$34819,$2971,696,2
1992,63,72,1956,7,Female,457 Summit Lane,36.61,-89.81,$11636,$23725,$47647,710,5
1027,53,68,1966,5,Male,809 Mountain View Boulevard,38.88,-94.81,$30232,$61646,$0,693,3
1686,54,67,1965,3,Female,401 North Avenue,39.99,-105.09,$30072,$61312,$25355,708,3
91,38,72,1981,10,Female,89 Washington Boulevard,39.73,-75.53,$35630,$72647,$90579,739,1
1364,47,72,1972,11,Male,37845 Main Street,32.93,-97.22,$0,$3,$5,750,2
247,49,69,1970,7,Female,704 East Drive,30.21,-93.2,$26772,$54587,$69070,761,6
1385,51,68,1968,7,Female,5537 Eighth Street,44.96,-93.26,$40364,$82298,$182301,789,6
489,36,66,1983,8,Male,430 Grant Boulevard,40.87,-97.59,$18024,$36753,$33657,684,4
372,32,71,1988,1,Male,4725 North Street,41.66,-83.58,$12101,$24668,$22338,756,1
1539,42,61,1977,3,Female,215 Main Drive,42.82,-83.25,$28463,$58034,$129546,676,2
1482,54,64,1965,8,Male,52 Sixth Boulevard,34.06,-84.27,$43725,$89152,$162012,675,1
680,42,63,1977,8,Female,800 Madison Street,28.5,-81.37,$13414,$27354,$42226,799,1
612,88,67,1931,9,Female,336 North Street,39.09,-84.51,$18959,$16296,$667,838,7
1212,33,58,1987,2,Male,3904 Martin Luther King Drive,34.98,-80.54,$19605,$39975,$52575,810,1
809,54,66,1965,5,Female,2855 Sixth Avenue,41.76,-88.15,$41979,$85596,$159101,618,1
1066,46,65,1973,6,Female,9846 Second Lane,40.27,-75.26,$26545,$54124,$0,727,2
305,51,65,1968,10,Male,9070 Third Boulevard,44.37,-73.4,$14415,$29388,$21221,755,3
424,24,69,1995,4,Female,4020 Littlewood Street,40.29,-79.99,$25037,$51045,$127864,772,2
108,50,68,1969,11,Female,373 Sussex Drive,31.44,-93.45,$18709,$38142,$0,768,4
1676,51,65,1968,12,Male,919 Martin Luther King Lane,38.81,-94.45,$24981,$50936,$88447,681,3
1227,65,67,1954,11,Female,727 Eighth Lane,42.37,-83.46,$33031,$67344,$7049,804,4
169,85,71,1934,5,Male,2 11th Avenue,33.94,-80.39,$14224,$30451,$93,686,4
216,60,66,1959,5,Female,378 Fourth Boulevard,39.92,-85.36,$16273,$33178,$85620,687,3
1573,71,56,1949,1,Male,793 Norfolk Avenue,29.18,-82.13,$12992,$17775,$11520,746,1
1427,34,66,1985,10,Female,326 Elm Lane,35.19,-80.83,$49477,$100880,$210445,770,1
1679,18,67,2002,1,Female,829 Fourth Boulevard,41.76,-71.48,$33914,$69149,$89214,776,1
614,84,66,1935,9,Female,129 Sussex Street,35.4,-80.59,$20570,$16430,$2873,779,7
543,43,65,1976,3,Female,742 Lake Street,43.37,-124.14,$15069,$30721,$49961,749,3
243,20,63,1999,3,Male,592 Hillside Drive,41.84,-87.79,$18714,$38158,$80609,666,1
449,58,70,1962,2,Female,901 Oak Street,40.56,-79.75,$19517,$39796,$9452,729,5
602,57,67,1963,1,Male,46 South Street,36.34,-79.67,$16888,$34437,$0,681,4
1079,65,60,1954,11,Female,422 Madison Lane,40.66,-73.63,$48994,$103294,$39076,831,3
1653,42,63,1978,1,Male,603 Rose Avenue,41.85,-72.65,$29261,$59663,$89579,681,1
53,49,68,1970,12,Female,7406 Mill Avenue,38.62,-120.62,$19471,$39700,$59062,701,3
491,40,69,1979,6,Male,2336 George Drive,34.83,-82.37,$13249,$27013,$58806,651,3
812,41,67,1978,4,Female,6946 Park Drive,42.78,-72.48,$20338,$41469,$119423,659,1
1113,19,69,2000,5,Female,700 Madison Lane,41.76,-88.29,$14200,$28953,$3619,738,2
584,61,68,1958,8,Male,8823 South Drive,38.66,-121.37,$14318,$29195,$64881,743,3
1433,73,67,1946,3,Male,2834 West Street,30.68,-88.04,$25381,$48060,$17440,581,3
871,86,71,1933,5,Female,81 Hill Avenue,42.38,-83.1,$13820,$22650,$0,690,6
1106,62,62,1958,2,Female,1563 Summit Boulevard,34.13,-118.24,$16842,$20783,$23623,699,3
1179,50,71,1969,7,Female,312 Burns Boulevard,36.67,-76.3,$24312,$49570,$43645,752,5
63,40,64,1979,12,Male,390 Tenth Street,40.72,-74.17,$17370,$35418,$51741,660,6
840,68,64,1952,1,Female,651 Fourth Avenue,37.74,-122.44,$51692,$88432,$63075,694,6
542,52,65,1967,7,Female,4092 El Camino Lane,35.46,-97.51,$14465,$29496,$49681,704,5
1092,54,62,1965,5,Male,703 12th Street,41.01,-75.99,$23450,$47814,$92020,720,2
1853,39,70,1980,5,Male,546 First Avenue,40.34,-94.87,$18226,$37165,$0,771,3
1836,35,73,1984,10,Male,356 Mill Street,28.92,-81.92,$8491,$17316,$26872,748,1
746,63,67,1956,10,Male,28136 Wessex Street,40.64,-73.94,$14856,$30288,$42745,689,4
1811,83,67,1936,3,Male,308 Second Boulevard,37.34,-122.11,$76725,$82009,$6229,764,8
575,84,65,1935,12,Male,6478 Valley Stream Avenue,40.15,-74.85,$23207,$26476,$406,813,5
1612,68,66,1951,8,Male,198 Main Boulevard,41.83,-87.68,$20649,$35370,$14777,562,1
1961,18,66,2002,1,Male,6295 Norfolk Boulevard,35.59,-77.37,$17116,$34904,$46002,657,2
1257,55,67,1964,7,Male,287 Pine Lane,47.79,-122.3,$23668,$48259,$146774,721,3
1514,53,58,1966,11,Female,6733 Third Boulevard,41.37,-82.1,$18110,$36925,$89762,721,5
1387,28,65,1991,5,Male,104 First Boulevard,35.72,-78.84,$32485,$66237,$146680,785,1
224,20,67,1999,11,Female,5789 Ninth Drive,40.69,-73.85,$19682,$40130,$55801,798,1
78,37,63,1983,1,Male,5320 Mountain View Street,33.95,-118.29,$12362,$25205,$65179,688,1
579,30,67,1989,7,Male,774 Park Lane,44.02,-88.16,$19382,$39520,$53896,772,1
866,34,67,1985,3,Male,4591 Third Drive,40.43,-79.97,$30361,$61904,$125358,639,3
553,73,65,1947,1,Male,471 Ocean Boulevard,37.78,-90.42,$17707,$34067,$17902,628,1
1315,57,70,1962,8,Female,759 Madison Drive,38.61,-88.78,$15976,$32576,$0,753,4
877,36,63,1983,8,Female,801 Mill Boulevard,33.44,-111.85,$16829,$34317,$61826,610,3
523,27,65,1992,6,Female,444 Forest Boulevard,42.77,-86.1,$18877,$38487,$28032,773,4
1740,36,67,1983,12,Male,42720 East Drive,42.86,-88.33,$28215,$57532,$61268,735,4
677,40,65,1979,5,Male,855 Sussex Avenue,44.94,-93.1,$32972,$67226,$128174,729,3
1485,64,69,1955,10,Male,1350 Lake Drive,33.41,-96.57,$24402,$49756,$89743,618,4
